country,paxp_dom,paxp_int_dep,paxp_int_arr,paxp_int,paxp_tot,year
AE,0.004214781626974602,2.656555441101955,2.404629775168586,5.061185216270541,5.065399997897516,2011
AF,0.03433743445995851,0.02881274408209323,0.07759188062491582,0.10640462470700904,0.14074205916696755,2011
AG,0.011235694759764629,3.9833086225269896,1.2681035949281445,5.251412217455134,5.262647912214899,2011
AL,0.0,0.33927104341948355,0.03715127405371513,0.37642231747319865,0.37642231747319865,2011
AM,0.0,0.31090149045418314,0.026580015751109066,0.3374815062052922,0.3374815062052922,2011
AO,0.04623679596365599,0.03046004121172243,0.12082659283796932,0.15128663404969175,0.19752343001334774,2011
AR,0.1315448401726692,0.13004347403084449,0.27799396586056335,0.40803743989140784,0.539582280064077,2011
AT,0.03368865769837024,1.0159924558604692,0.6825374615662231,1.6985299174266921,1.7322185751250623,2011
AU,1.9918827924211875,0.6103243471075672,3.76067489462595,4.370999241733517,6.362882034154705,2011
AZ,0.004926022158240737,0.12638915747908147,0.04359134659558949,0.16998050407467097,0.1749065262329117,2011
BA,0.0,0.08621069336185438,0.033966343626054205,0.12017703698790859,0.12017703698790859,2011
BB,0.0,2.805568934485893,1.3666867548607164,4.17225568934661,4.17225568934661,2011
BD,0.004421917065025314,0.017080699402092864,0.3082741864257472,0.3253548858278401,0.32977680289286543,2011
BE,0.00045675949701013676,0.9289081291957191,0.8105141347617879,1.739422263957507,1.7398790234545172,2011
BF,8.31837506244783e-05,0.014591846263945283,0.016529007158315772,0.031120853422261056,0.031204037172885536,2011
BG,0.019081371675570204,0.27860434077120333,0.16393427409728728,0.4425386148684906,0.46161998654406083,2011
BH,0.0,2.2665538547211965,0.4449931777211556,2.7115470324423523,2.7115470324423523,2011
BI,0.0,0.010959378586780089,0.007536537690602797,0.018495916277382885,0.018495916277382885,2011
BJ,0.0,0.032565706826408435,0.04876102173001725,0.08132672855642568,0.08132672855642568,2011
BN,0.0,1.2672532293077678,0.0322103264301011,1.2994635557378689,1.2994635557378689,2011
BO,0.17431417299316673,0.05462285034519032,0.024107452884425368,0.07873030322961569,0.2530444762227824,2011
BR,0.37912171363072344,0.041954846301503534,0.4663584614657672,0.5083133077672708,0.8874350213979942,2011
BS,2.050144056557331,3.9559195004963295,0.06162251900725124,4.017542019503581,6.0676860760609115,2011
BT,0.0,0.11012761902345297,0.0009898940913410537,0.11111751311479402,0.11111751311479402,2011
BW,0.0553754819667862,0.13657690851613308,0.01639365887748412,0.1529705673936172,0.2083460493604034,2011
BY,0.0,0.055538447977273725,0.0441916732845402,0.09973012126181392,0.09973012126181392,2011
BZ,0.5532114464494131,0.7163563480375683,0.0194368004085258,0.7357931484460941,1.2890045948955073,2011
CA,0.8431982021245157,0.5839351775806609,1.8835805220710709,2.467515699651732,3.3107139017762472,2011
CD,0.01177873134150874,0.004819806927974216,0.025223592183786885,0.0300433991117611,0.04182213045326984,2011
CF,0.0,0.01908139763619978,0.005481311289099686,0.024562708925299465,0.024562708925299465,2011
CG,0.077620482267485,0.08861181276796615,0.03267001400504471,0.12128182677301086,0.19890230904049586,2011
CH,0.030625803285465984,2.0696248546315488,1.3094985496255915,3.3791234042571405,3.4097492075426064,2011
CI,0.0,0.019245322426246627,0.03728423683084876,0.056529559257095394,0.056529559257095394,2011
CK,4.139959896877685,6.6250358063592065,0.04615548245450629,6.671191288813713,10.811151185691397,2011
CL,0.3522448025036688,0.145493705096919,0.10554270515025893,0.25103641024717793,0.6032812127508467,2011
CM,0.009176463540682267,0.026351818359391994,0.06632550589517548,0.09267732425456748,0.10185378779524976,2011
CN,0.15801469882612754,0.025378347471992108,3.2445824896236655,3.2699608370956574,3.427975535921785,2011
CO,0.29400597627721703,0.07191356072988164,0.20782447117310432,0.27973803190298596,0.573744008180203,2011
CR,0.07786160583257572,0.38223922645353964,0.11023981409853069,0.4924790405520703,0.570340646384646,2011
CU,0.03976243656744713,0.13095214815710135,0.08007917246419062,0.21103132062129198,0.2507937571887391,2011
CV,1.0716439272181226,0.6373400124353301,0.05163907314567817,0.6889790855810083,1.760623012799131,2011
CY,0.003044065685529698,3.3268855544691505,0.19719313547804862,3.524078689947199,3.5271227556327287,2011
CZ,0.002143392541820975,0.42288727056738834,0.3215606324190385,0.7444479029864268,0.7465912955282478,2011
DE,0.20490410123817998,0.6678541164710812,4.8566312252130315,5.524485341684112,5.729389442922292,2011
DJ,0.0,0.2323484699934005,0.02390584192840542,0.2562543119218059,0.2562543119218059,2011
DK,0.259559180297294,1.510318265671893,1.1879648531434213,2.698283118815314,2.957842299112608,2011
DM,0.0,1.007255191589191,0.4435749587238313,1.4508301503130223,1.4508301503130223,2011
DO,0.0011739838895948387,0.3647702476526858,0.2224393859634467,0.5872096336161325,0.5883836175057274,2011
DZ,0.04744620112804856,0.08225905944214967,0.09100648285563423,0.1732655422977839,0.22071174342583247,2011
EC,0.20970929177215578,0.10865049229993082,0.055665007060615807,0.16431549936054662,0.37402479113270237,2011
EE,0.02725790630711534,0.6664441695458195,0.10911231820246436,0.7755564877482839,0.8028143940553992,2011
EG,0.016748389139067114,0.09126231011739325,0.7828522260490188,0.8741145361664121,0.8908629253054792,2011
ER,0.01874279844654884,0.05161273109587007,0.009941706059516952,0.061554437155387026,0.08029723560193587,2011
ES,0.6678616809640351,1.08457026604278,2.9991254123310633,4.083695678373843,4.751557359337878,2011
ET,0.004036415685372738,0.01036226850099898,0.12256732978805714,0.13292959828905612,0.13696601397442887,2011
FI,0.39591677506629713,0.8912108793945928,0.510999474098166,1.4022103534927588,1.7981271285590559,2011
FJ,0.25261668280415517,0.8215463949142814,0.8848432640521331,1.7063896589664145,1.9590063417705696,2011
FM,0.33941205964827575,0.3799977715463611,0.4788436429689073,0.8588414145152684,1.1982534741635442,2011
FR,0.24615377808222474,0.6097272408631925,4.842331744429236,5.452058985292429,5.698212763374654,2011
GA,0.03488862139692534,0.16738019680300342,0.027957447827670602,0.19533764463067402,0.23022626602759935,2011
GB,0.25668575862568754,1.2076521094513972,11.16138079266691,12.369032902118306,12.625718660743994,2011
GD,0.0,1.7131844502538387,0.3846783366775122,2.097862786931351,2.097862786931351,2011
GE,0.005944337202653898,0.17237879983167578,0.04129731964768285,0.21367611947935863,0.21962045668201252,2011
GH,0.015299047851457715,0.036175198949319504,0.05584227503878792,0.09201747398810742,0.10731652183956514,2011
GM,0.0,0.07660662652788812,0.010511843291096225,0.08711846981898434,0.08711846981898434,2011
GN,0.00013587555750735914,0.021700959292696404,0.020143431123080147,0.04184439041577655,0.04198026597328391,2011
GQ,0.08894015710621782,0.11473504934230395,0.01115060654401459,0.12588565588631856,0.2148258129925364,2011
GR,0.48069979198555673,0.8317027406271975,0.9349239436496917,1.7666266842768892,2.247326476262446,2011
GT,0.0032126551653224155,0.06988731707666633,0.0745191530348177,0.14440647011148403,0.14761912527680643,2011
GW,0.0,0.03817294704976631,0.013905550906950996,0.052078497956717304,0.052078497956717304,2011
GY,0.0,0.34021306622100295,0.21369332496701499,0.553906391188018,0.553906391188018,2011
HK,0.0,2.6222676281714756,1.1041720955601053,3.726439723731581,3.726439723731581,2011
HN,0.04198261406744715,0.07806317203404028,0.038992738017266916,0.1170559100513072,0.15903852411875435,2011
HR,0.0658660575627496,0.4413753053150515,0.12959630580035938,0.5709716111154108,0.6368376686781605,2011
HT,0.004806198829560024,0.05422301617847233,0.024301406627643553,0.07852442280611588,0.08333062163567591,2011
HU,0.0,0.3342275349071388,0.25247463077416876,0.5867021656813076,0.5867021656813076,2011
ID,0.19216000661754837,0.04154810867222722,1.0242460573636454,1.0657941660358725,1.257954172653421,2011
IE,0.05964055391713079,2.2164616051787904,0.5166171502699475,2.733078755448738,2.792719309365869,2011
IL,0.11284734538326885,0.6523454220854925,0.2634877309540549,0.9158331530395474,1.0286804984228162,2011
IN,0.04047524181796359,0.014709365637876518,2.464633885250657,2.4793432508885336,2.5198184927064973,2011
IQ,0.004281806676221799,0.03548431188867757,0.13901834362882506,0.17450265551750263,0.17878446219372443,2011
IR,0.15828423696498342,0.03892675352820624,0.2834297271131314,0.32235648064133765,0.4806407176063211,2011
IS,0.916587547040926,2.869259910320646,0.0717548254515914,2.9410147357722374,3.8576022828131635,2011
IT,0.4676142180245521,0.6355698924659934,3.7468669463466635,4.382436838812657,4.850051056837209,2011
JM,0.03107994438676556,0.7349579459328657,0.3862341460720859,1.1211920920049516,1.1522720363917172,2011
JO,0.008625313217539541,0.3398719110039752,0.30044956658538513,0.6403214775893603,0.6489467908068999,2011
JP,0.4810831264995734,0.19521404780423546,3.7233585510624057,3.918572598866641,4.399655725366214,2011
KE,0.03602854181304608,0.046387216789678186,0.21066038102832937,0.25704759781800757,0.29307613963105367,2011
KG,0.012948350488467764,0.10040584248735598,0.011745711733756964,0.11215155422111295,0.1250999047095807,2011
KH,0.009474695474653091,0.1224310216195744,0.0721386928147627,0.19456971443433713,0.20404440990899023,2011
KI,0.009191392446247977,0.2530118304156461,0.1922180366504432,0.44522986706608936,0.45442125951233736,2011
KM,0.003348521680817177,0.08801507658040644,0.009954306645539448,0.0979693832259459,0.10131790490676307,2011
KN,0.02346116111419187,2.7159066672354224,0.4557487581270103,3.1716554253624327,3.1951165864766247,2011
KP,0.0,0.0022890385058112893,0.00025584149923371636,0.0025448800050450054,0.0025448800050450054,2011
KR,0.2888336758017543,0.3834656715880778,1.649189890641818,2.032655562229896,2.3214892380316505,2011
KW,0.0,1.2794098213299607,0.48325466438603126,1.7626644857159919,1.7626644857159919,2011
KZ,0.13790359335478808,0.08833937790467855,0.07416579031378662,0.16250516821846517,0.30040876157325325,2011
LA,0.03805175061735695,0.06555653931556236,0.01229361459343517,0.07785015390899754,0.11590190452635449,2011
LB,0.0,0.5731472796417596,0.38347298589340983,0.9566202655351694,0.9566202655351694,2011
LC,0.0,2.172385492517506,0.6253160711731249,2.797701563690631,2.797701563690631,2011
LK,0.0013665064690222993,0.11513377474314877,0.7216190285119234,0.8367528032550722,0.8381193097240944,2011
LR,0.0006472126974981866,0.03030433684625477,0.007900744594492609,0.03820508144074738,0.03885229413824556,2011
LS,0.0,0.011795379265931782,0.002361474118601926,0.014156853384533707,0.014156853384533707,2011
LT,0.00024565465314157304,0.4273149484158247,0.13371123116194505,0.5610261795777698,0.5612718342309113,2011
LU,0.0,1.752452833099363,0.08461997712876794,1.8370728102281308,1.8370728102281308,2011
LV,0.0,0.7488589484558303,0.1611991107561389,0.9100580592119693,0.9100580592119693,2011
LY,0.09559681441694362,0.14666107958392627,0.08638236683539488,0.23304344641932115,0.32864026083626474,2011
MA,0.01701552609597276,0.19269955313146445,0.2929686773146678,0.4856682304461323,0.5026837565421051,2011
MC,0.0,1.597684557827137,0.0012863700435944835,1.5989709278707316,1.5989709278707316,2011
MD,0.0,0.12339026656988822,0.02248862769965822,0.14587889426954645,0.14587889426954645,2011
ME,0.0011032293958475583,0.7252200136560201,0.039963741072236054,0.7651837547282562,0.7662869841241037,2011
MG,0.009476082603418586,0.010873663040096748,0.06509062884931446,0.07596429188941121,0.0854403744928298,2011
MH,0.37558757802265547,0.6775063574015565,0.1691850152496513,0.8466913726512078,1.2222789506738632,2011
MK,1.4702667946125505e-06,0.182642912382881,0.038713263224060095,0.2213561756069411,0.22135764587373571,2011
ML,0.0005506693191574086,0.026212867543232155,0.029913298383272606,0.05612616592650476,0.056676835245662166,2011
MM,0.019384105405483062,0.017303806448505876,0.05873408544652671,0.07603789189503259,0.09542199730051565,2011
MN,0.03252391464311994,0.12504935924055982,0.00798938702938451,0.13303874626994433,0.16556266091306426,2011
MO,0.0,3.4474378640557437,0.06305659560383155,3.5104944596595753,3.5104944596595753,2011
MR,0.012627858026025384,0.05032700879379447,0.010620795371634106,0.060947804165428575,0.07357566219145396,2011
MT,0.0,3.682347843288714,0.07950026027363784,3.7618481035623517,3.7618481035623517,2011
MU,0.07837408562918896,0.7417433549955024,0.1740832956914527,0.915826650686955,0.994200736316144,2011
MV,0.9684912517327938,2.8772887597210404,0.0529495936090455,2.9302383533300858,3.8987296050628797,2011
MW,0.002805236703884213,0.009227762658972911,0.007432523435299993,0.016660286094272905,0.01946552279815712,2011
MX,0.18926140079878168,0.11022349684889832,0.26009416988583617,0.3703176667347345,0.5595790675335162,2011
MY,0.4714310614562994,0.41004553899677587,1.3866150192123388,1.7966605582091146,2.268091619665414,2011
MZ,0.016535978480986056,0.013964119218544142,0.018909368746014774,0.03287348796455891,0.04940946644554497,2011
NA,0.024840599629599433,0.21006231581889973,0.018433407091193364,0.2284957229100931,0.2533363225396925,2011
NE,0.0,0.005283157013656564,0.005362526334936184,0.010645683348592748,0.010645683348592748,2011
NG,0.01753994661604936,0.011131383328370274,0.10665141509614513,0.1177827984245154,0.13532274504056477,2011
NI,0.0,0.08486882139372898,0.03223534652261972,0.1171041679163487,0.1171041679163487,2011
NL,0.00274967914475632,0.8377904721347746,1.2763032226723887,2.1140936948071634,2.1168433739519195,2011
NO,2.469101758783824,1.674338295745097,0.9830838697535396,2.6574221654986365,5.126523924282461,2011
NP,0.04110041131651652,0.0557171743269692,0.21585246329129995,0.27156963761826913,0.31267004893478567,2011
NR,0.0,0.6199247375717964,0.03636186307664181,0.6562866006484382,0.6562866006484382,2011
NU,0.0,3.5899772209567202,0.0017164439036795047,3.5916936648604,3.5916936648604,2011
NZ,1.847054555411048,1.0449761562507132,9.953406254903195,10.998382411153909,12.845436966564957,2011
OM,0.0994597243921615,0.7576716178659195,0.22573751238916506,0.9834091302550846,1.082868854647246,2011
PA,0.13677608038328914,0.4145423965968359,0.12049318450290974,0.5350355810997456,0.6718116614830347,2011
PE,0.2036724844446607,0.08196235842332703,0.10082985135179531,0.18279220977512234,0.386464694219783,2011
PG,0.15509382078356138,0.03655075116937212,0.03259708710786899,0.06914783827724111,0.22424165906080248,2011
PH,0.17829508516018353,0.07657328377171815,1.4929733660965558,1.569546649868274,1.7478417350284574,2011
PK,0.01332310890678114,0.021084515281728337,0.41980245359069573,0.44088696887242407,0.4542100777792052,2011
PL,0.012783495085130346,0.20433908108173326,0.625777273517218,0.8301163545989513,0.8428998496840816,2011
PT,0.19456388014381287,0.9909814785415475,0.9200800181381646,1.9110614966797121,2.105625376823525,2011
PW,0.0,6.51222480362872,0.05664965802198504,6.568874461650704,6.568874461650704,2011
PY,0.003294966864592839,0.0721005959798618,0.016219076897869836,0.08831967287773164,0.09161463974232448,2011
QA,0.0,1.9759104337502418,0.5614241821686282,2.53733461591887,2.53733461591887,2011
RO,0.025098152249301117,0.20106019072763542,0.2806567750561494,0.4817169657837848,0.5068151180330859,2011
RS,4.983123910875132e-05,0.2540283872411389,0.39228820515678353,0.6463165923979224,0.6463664236370311,2011
RU,0.18112516066993758,0.11601508730528168,2.003873387850863,2.1198884751561446,2.301013635826082,2011
RW,0.0020053466453143843,0.029880932306499512,0.015533670890997765,0.04541460319749728,0.047419949842811664,2011
SA,0.37559409085659445,0.46715670116559094,0.889261301714213,1.356418002879804,1.7320120937363985,2011
SB,0.18639647704563744,0.11306368626174396,0.20355546069196784,0.3166191469537118,0.5030156239993493,2011
SC,1.4900746207124012,2.3737941127968343,0.02593520739993349,2.3997293201967675,3.889803940909169,2011
SD,0.015274451820471298,0.03705905175440746,0.12420875713552529,0.16126780888993275,0.17654226071040405,2011
SE,0.6915540149762007,1.0416193481414786,1.099648880887833,2.1412682290293117,2.8328222440055124,2011
SG,0.0,3.2495782228492356,1.1186116685339502,4.368189891383186,4.368189891383186,2011
SI,0.0,0.2409962104720608,0.06249886407581949,0.3034950745478803,0.3034950745478803,2011
SK,0.009937741149306387,0.1225412681628452,0.03566511775225594,0.15820638591510114,0.1681441270644075,2011
SL,0.0,0.022297229277509212,0.012760974146180968,0.035058203423690176,0.035058203423690176,2011
SN,0.0008949836467550939,0.06959666934590725,0.1287646770274403,0.19836134637334754,0.19925633002010262,2011
SO,0.004602217376059109,0.0075019252836098635,0.027588659596451934,0.035090584880061795,0.0396928022561209,2011
SR,0.0,0.33195510077876134,0.04193884830098829,0.3738939490797496,0.3738939490797496,2011
SS,0.0013987021327242937,0.027353520457452384,0.008785531620422105,0.03613905207787449,0.03753775421059878,2011
ST,0.0,0.23901017511540598,0.012117267133908559,0.25112744224931455,0.25112744224931455,2011
SV,0.0,0.13580833371783543,0.049756211977953005,0.18556454569578845,0.18556454569578845,2011
SY,0.009335609979465951,0.08480093056686794,0.22565010000282384,0.3104510305696918,0.3197866405491578,2011
SZ,0.0,0.03061727467340828,0.00279876316557531,0.033416037838983594,0.033416037838983594,2011
TD,0.0004255587045610438,0.011979540253909897,0.012185636925541069,0.024165177179450964,0.02459073588401201,2011
TG,0.0,0.024456247504147342,0.015379712653208095,0.03983596015735544,0.03983596015735544,2011
TH,0.17019964059406664,0.2341036605915138,1.4249608873727964,1.6590645479643102,1.829264188558377,2011
TJ,0.00421851792496306,0.12130287013600113,0.0170193423250147,0.13832221246101584,0.1425407303859789,2011
TL,0.0,0.053744932251372945,0.00316190653654528,0.056906838787918225,0.056906838787918225,2011
TM,0.0,0.04261802362909496,0.0086160889087048,0.05123411253779976,0.05123411253779976,2011
TN,0.012436574709104397,0.23317036614613437,0.1818465568755916,0.415016923021726,0.4274534977308304,2011
TO,0.0,0.7754113600446222,0.03113360041461857,0.8065449604592407,0.8065449604592407,2011
TR,0.19249763421114674,0.2201631652210128,1.7356767991998825,1.9558399644208952,2.148337598632042,2011
TT,0.34587589956293374,0.569758914624766,1.376686128777851,1.9464450434026168,2.2923209429655507,2011
TV,0.0,0.3559369202226345,0.004266211604095563,0.3602031318267301,0.3602031318267301,2011
TW,0.2126891606421085,0.6190085057944209,3.228554556681092,3.847563062475513,4.0602522231176215,2011
TZ,0.01546462718029557,0.019442174818524005,0.0684633553569707,0.08790553017549471,0.10337015735579028,2011
UA,0.017152511907645555,0.0815449595557799,0.26868466919367134,0.35022962874945124,0.3673821406570968,2011
UG,0.0001948160346608246,0.015951559703529454,0.03383570463979715,0.0497872643433266,0.049982080377987424,2011
US,1.4061981194713447,0.2355224642372704,14.582839166921207,14.818361631158478,16.224559750629822,2011
UY,7.24414419153397e-05,0.2471040706980379,0.02615413598899403,0.27325820668703193,0.27333064812894725,2011
UZ,0.015121119809198119,0.03955015953123311,0.030211374429134713,0.06976153396036783,0.08488265376956594,2011
VC,3.6580458718952335e-05,1.1135091634049092,0.44336146419700917,1.5568706276019184,1.5569072080606374,2011
VE,0.13409219025032265,0.07194928034101652,0.1874415913989968,0.2593908717400133,0.39348306199033595,2011
VN,0.11447780049250175,0.0650246369564588,0.34256382584050626,0.40758846279696503,0.5220662632894668,2011
VU,0.6542957358896638,0.5218093102343576,0.024491061649899448,0.5463003718842571,1.200596107773921,2011
WS,0.011165150760349848,0.695670037439719,0.07675469821666923,0.7724247356563883,0.7835898864167381,2011
YE,0.01541719856329812,0.025629070071936242,0.08446445756425078,0.11009352763618702,0.12551072619948514,2011
ZA,0.2094098890644918,0.09123765065160142,0.7235501180792618,0.8147877687308632,1.024197657795355,2011
ZM,0.005911290061170001,0.03334601763316229,0.028698937499918427,0.06204495513308072,0.06795624519425073,2011
ZW,0.008662694153562257,0.03638290354166225,0.02406296698305136,0.06044587052471361,0.06910856467827586,2011
AE,0.008482726295624531,2.778573980028059,2.672186907825102,5.450760887853161,5.459243614148785,2012
AF,0.01771555620651469,0.027850558019667123,0.07435100005818177,0.10220155807784889,0.11991711428436358,2012
AG,0.0,3.970536328214531,1.0834827694606646,5.054019097675196,5.054019097675196,2012
AL,0.0,0.3316892347914298,0.03515092159038688,0.36684015638181666,0.36684015638181666,2012
AM,0.0,0.33838101807750004,0.026171060493820373,0.36455207857132044,0.36455207857132044,2012
AO,0.049642230645475065,0.03342641418726656,0.12204803897550245,0.155474453162769,0.20511668380824408,2012
AR,0.13235763947212592,0.129557658958996,0.27667697122231116,0.4062346301813072,0.5385922696534331,2012
AT,0.025202924094724122,1.013036432819817,0.7106608593281999,1.723697292148017,1.748900216242741,2012
AU,2.1870517914688556,0.6278420125041113,4.977752377740465,5.605594390244576,7.792646181713431,2012
AZ,0.004064875034395671,0.13387434968185336,0.05657928400503606,0.19045363368688942,0.1945185087212851,2012
BA,0.00017955845513245637,0.07459332325916852,0.02892998366187586,0.10352330692104439,0.10370286537617684,2012
BB,0.0,2.7439751857816552,1.2048342730630637,3.948809458844719,3.948809458844719,2012
BD,0.004256191204776477,0.017015214299757244,0.2994904469010798,0.316505661200837,0.3207618524056135,2012
BE,0.00044447373391607377,0.9644757721752061,0.8276141114786095,1.7920898836538157,1.7925343573877317,2012
BF,0.00010458711760407918,0.013731426687662512,0.016370765386978455,0.030102192074640967,0.030206779192245046,2012
BG,0.016304875185424,0.2755766218296152,0.16154054629470965,0.43711716812432483,0.45342204330974883,2012
BH,0.0,2.287142266359616,0.42663183903600743,2.7137741053956232,2.7137741053956232,2012
BI,0.0,0.012898583938005137,0.010366006875287699,0.023264590813292838,0.023264590813292838,2012
BJ,0.0,0.03445333886278418,0.0603591089342443,0.09481244779702848,0.09481244779702848,2012
BN,0.0,1.2932386816156547,0.0332984635696687,1.3265371451853234,1.3265371451853234,2012
BO,0.17242480772041557,0.05733197651877789,0.02466868346577253,0.08200065998455042,0.254425467704966,2012
BR,0.3976948711786832,0.04421331725608241,0.4792383000762337,0.523451617332316,0.9211464885109992,2012
BS,2.1293635426626434,4.353856110624312,0.05971217687662689,4.413568287500938,6.542931830163582,2012
BT,0.0,0.09211744367610974,0.0008401718290535639,0.09295761550516331,0.09295761550516331,2012
BW,0.05682589907313612,0.1283505389316974,0.01305999973862497,0.14141053867032238,0.1982364377434585,2012
BY,8.770932411406186e-06,0.06351053293876115,0.04693498333820325,0.11044551627696439,0.11045428720937579,2012
BZ,1.2397746505828104,0.7529230235576265,0.020609012530696802,0.7735320360883233,2.0133066866711338,2012
CA,0.8580603699916696,0.625469167227241,2.109611982610833,2.7350811498380736,3.593141519829743,2012
CD,0.008605491601908292,0.004691417543123357,0.020609829873344414,0.02530124741646777,0.03390673901837606,2012
CF,0.0,0.015816179583451894,0.004231384213693083,0.020047563797144976,0.020047563797144976,2012
CG,0.120581590355346,0.07904608212300519,0.032560639767867175,0.11160672189087237,0.2321883122462184,2012
CH,0.0292317993690653,2.1321304885180834,1.3807145493013766,3.51284503781946,3.5420768371885254,2012
CI,0.0,0.021358304600172205,0.04242605775764508,0.06378436235781729,0.06378436235781729,2012
CK,4.282147103788008,7.097786082328293,0.04109005893922113,7.138876141267514,11.421023245055522,2012
CL,0.38794570663056743,0.15753526190443706,0.11724790571634197,0.27478316762077903,0.6627288742513464,2012
CM,0.009216018296233423,0.026288149049409047,0.08482083972885622,0.11110898877826526,0.12032500707449868,2012
CN,0.17561957347442061,0.02856524426049195,3.9578675078469367,3.9864327521074285,4.16205232558185,2012
CO,0.3090186305350381,0.07809173675365266,0.22511181418093063,0.3032035509345833,0.6122221814696214,2012
CR,0.049260131039590184,0.40235003325518753,0.10228725435349054,0.5046372876086781,0.5538974186482682,2012
CU,0.047702875722717225,0.16744329204464306,0.08760991857785613,0.2550532106224992,0.30275608634521645,2012
CV,0.9790255002881113,0.7750427283647979,0.06626384781448047,0.8413065761792784,1.8203320764673898,2012
CY,0.0024909966303328394,3.5572693253886873,0.20891156101094854,3.7661808863996358,3.7686718830299686,2012
CZ,0.0015092314083447421,0.43018519919656123,0.334067740438264,0.7642529396348252,0.7657621710431699,2012
DE,0.19395175686903482,0.6744428044800319,4.948697242693009,5.623140047173041,5.817091804042076,2012
DJ,0.0,0.22539299320297865,0.02062577002493576,0.2460187632279144,0.2460187632279144,2012
DK,0.21019128327392614,1.578815203947985,1.1657400115309438,2.744555215478929,2.954746498752855,2012
DM,0.0,1.0218901009867183,0.370515993143412,1.3924060941301302,1.3924060941301302,2012
DO,0.0012471189110355079,0.39147150995128205,0.24932554965748505,0.6407970596087671,0.6420441785198026,2012
DZ,0.04575262723965038,0.07941584277134622,0.09218866352517335,0.17160450629651958,0.21735713353616995,2012
EC,0.22907285896900592,0.11307539579843401,0.066809276564116,0.17988467236255,0.40895753133155593,2012
EE,0.03477880201056089,0.6876175700278842,0.10455623959172886,0.792173809619613,0.826952611630174,2012
EG,0.015724798666291718,0.09567049311041116,0.8051405124704183,0.9008110055808295,0.9165358042471212,2012
ER,0.01817985451374849,0.04924517317816205,0.010354822601068396,0.05959999577923045,0.07777985029297893,2012
ES,0.6182216877450095,1.0715013166250102,2.9681283554617743,4.039629672086784,4.657851359831794,2012
ET,0.0063839130622631085,0.012418291354417955,0.17485627180464627,0.18727456315906424,0.19365847622132734,2012
FI,0.4000351313231764,0.8797581516860449,0.5147901679172389,1.3945483196032837,1.7945834509264602,2012
FJ,0.20678902371578656,0.8429400230403163,0.8886870109707103,1.7316270340110267,1.9384160577268132,2012
FM,0.3460839744183891,0.36603021596070084,0.4823174613800475,0.8483476773407483,1.1944316517591376,2012
FR,0.2664449379727576,0.6257299386469855,4.564515047893908,5.190244986540893,5.45668992451365,2012
GA,0.01563926384354239,0.1704676510241541,0.04187755908797747,0.21234521011213156,0.22798447395567395,2012
GB,0.25073228026229444,1.2094120019479528,11.38029738173049,12.589709383678443,12.840441663940737,2012
GD,0.0,1.5887704612765354,0.31700008324001167,1.9057705445165471,1.9057705445165471,2012
GE,0.009677256350789016,0.19299136696943744,0.04477957452944819,0.23777094149888564,0.24744819784967464,2012
GH,0.024224302681487297,0.034023897718089766,0.053634321888529554,0.08765821960661932,0.11188252228810662,2012
GM,0.0,0.06371219336946807,0.011800119475606023,0.07551231284507409,0.07551231284507409,2012
GN,0.0,0.020089126298575847,0.017934855504560386,0.038023981803136236,0.038023981803136236,2012
GQ,0.1698089576747433,0.15448521549954658,0.024478226763043093,0.17896344226258967,0.348772399937333,2012
GR,0.444610473033946,0.805452477838668,0.9412580233902659,1.746710501228934,2.19132097426288,2012
GT,0.0031556074940392903,0.06794625930919784,0.07099629233470464,0.13894255164390248,0.14209815913794177,2012
GW,0.0,0.036041169492623606,0.013867828527639939,0.049908998020263544,0.049908998020263544,2012
GY,0.0,0.38280663765195205,0.2548211373755768,0.6376277750275289,0.6376277750275289,2012
HK,0.0,2.747196975556796,1.2658193606331758,4.013016336189972,4.013016336189972,2012
HN,0.035877828259902725,0.07922730679571814,0.04139697264868715,0.12062427944440529,0.156502107704308,2012
HR,0.061827520240719226,0.4785583611708766,0.1421836277542767,0.6207419889251533,0.6825695091658726,2012
HT,0.003563537200948979,0.05339436749796669,0.022024242423887088,0.07541860992185377,0.07898214712280276,2012
HU,0.0,0.3896134803148209,0.2746596021632869,0.6642730824781078,0.6642730824781078,2012
ID,0.2195484085235559,0.04445431962849805,1.0730982347862652,1.1175525544147633,1.3371009629383193,2012
IE,0.01373286679599629,2.2759525161451886,0.5320682968900274,2.808020813035216,2.8217536798312124,2012
IL,0.10563068332680493,0.6394434381646157,0.27241502095552095,0.9118584591201366,1.0174891424469417,2012
IN,0.038960127008147695,0.014976294569139688,2.484774275576975,2.4997505701461145,2.5387106971542623,2012
IQ,0.0034830055063102064,0.04806990328464474,0.16080213488280368,0.20887203816744843,0.21235504367375863,2012
IR,0.12233326252624083,0.03566826650378513,0.25158216437028574,0.2872504308740709,0.4095836934003117,2012
IS,1.0548402479732952,2.927590301738244,0.0726999569612452,3.000290258699489,4.055130506672784,2012
IT,0.4185531288949236,0.64825547485471,3.6957916535289295,4.3440471283836395,4.762600257278563,2012
JM,0.02986910399901891,0.7737612852263178,0.34216229373794116,1.115923578964259,1.1457926829632779,2012
JO,0.007298414801808379,0.3450039784492866,0.29777175904316827,0.6427757374924549,0.6500741522942632,2012
JP,0.4758229972363031,0.22024978291548253,4.406245607515814,4.626495390431296,5.1023183876676,2012
KE,0.03359409909287219,0.04692883659684905,0.21078971124598844,0.2577185478428375,0.2913126469357097,2012
KG,0.03851703119045157,0.10889615219399779,0.015282149537883608,0.1241783017318814,0.16269533292233296,2012
KH,0.01084289511616059,0.13585535740644114,0.08000077047636275,0.2158561278828039,0.2266990229989645,2012
KI,0.0,0.13493463004524242,0.015031938229270849,0.14996656827451327,0.14996656827451327,2012
KM,0.00010122793891113947,0.08733917227821546,0.008195828279009096,0.09553500055722455,0.09563622849613569,2012
KN,0.0231539557332086,2.6059787808559944,0.43963922531120736,3.045618006167202,3.068771961900411,2012
KP,0.0,0.002390276461811741,0.0005405037258315065,0.0029307801876432473,0.0029307801876432473,2012
KR,0.2786132664833049,0.4270508540596513,1.9721987573608841,2.3992496114205353,2.67786287790384,2012
KW,0.0,1.2739410103310584,0.5082711202521317,1.7822121305831902,1.7822121305831902,2012
KZ,0.1489766097584286,0.09921532897117355,0.08445382084605788,0.18366914981723143,0.33264575957566,2012
LA,0.060701999607914,0.08832350715096754,0.01750693978142183,0.10583044693238937,0.16653244654030336,2012
LB,0.0,0.5756173623528431,0.3641147051667716,0.9397320675196147,0.9397320675196147,2012
LC,0.0,2.197350885935128,0.6349680559663303,2.8323189419014585,2.8323189419014585,2012
LK,0.0012929948419085648,0.12645307215706703,0.7034557142540435,0.8299087864111105,0.8312017812530191,2012
LR,0.0,0.03002233684362654,0.007363496189646358,0.0373858330332729,0.0373858330332729,2012
LS,0.0,0.012191585142015597,0.0020552984572648203,0.014246883599280417,0.014246883599280417,2012
LT,0.00024562221897254287,0.5113516617480874,0.17757146341454005,0.6889231251626275,0.6891687473816,2012
LU,0.0,1.801391096679901,0.09793777882096455,1.8993288755008655,1.8993288755008655,2012
LV,0.0,0.740150189247889,0.15703990714162652,0.8971900963895155,0.8971900963895155,2012
LY,0.08765030760626398,0.20144536752216424,0.15830417759921744,0.3597495451213817,0.44739985272764565,2012
MA,0.012388877657936875,0.17088843699255538,0.27992687491499857,0.450815311907554,0.46320418956549086,2012
MC,0.0,1.331652790181787,0.0010444154597336046,1.3326972056415205,1.3326972056415205,2012
MD,0.0,0.14236957973667,0.022482780632447102,0.1648523603691171,0.1648523603691171,2012
ME,0.00040565710136692237,0.7125580073870631,0.03912817171598527,0.7516861791030484,0.7520918362044153,2012
MG,0.011583195233163748,0.011102426781053188,0.0700775938184966,0.08118002059954979,0.09276321583271353,2012
MH,0.40090239016705886,0.6277640560882164,0.1594257754352132,0.7871898315234296,1.1880922216904883,2012
MK,0.0016006597973944514,0.1691396737219015,0.03224537488153089,0.2013850486034324,0.20298570840082686,2012
ML,0.00020964752501218816,0.021405985351328857,0.02376554061147142,0.045171525962800274,0.04538117348781246,2012
MM,0.019164465209553474,0.02147888958836294,0.06713432555394745,0.0886132151423104,0.10777768035186387,2012
MN,0.09668966706361996,0.13931737149426981,0.011420046197270758,0.1507374176915406,0.24742708475516056,2012
MO,0.0,3.8277969379313164,0.0580713638384322,3.8858683017697486,3.8858683017697486,2012
MR,0.01227371724056751,0.04503936685867002,0.009636571132570042,0.05467593799124006,0.06694965523180757,2012
MT,0.0,3.748749443285436,0.08923110683572878,3.837980550121165,3.837980550121165,2012
MU,0.0861802555132372,0.7212485552719967,0.16562633075232164,0.8868748860243183,0.9730551415375555,2012
MV,1.2320781349368437,3.17154579156089,0.06289012928393056,3.2344359208448203,4.466514055781664,2012
MW,0.002168231518900859,0.008400735424002822,0.006693278642256323,0.015094014066259145,0.017262245585160003,2012
MX,0.19218725731522948,0.11541332666222712,0.2819242486026635,0.39733757526489066,0.5895248325801201,2012
MY,0.4905112057578051,0.43561108513209673,1.4654903737754315,1.9011014589075281,2.3916126646653333,2012
MZ,0.017461364493801135,0.014588924590943669,0.01939766250565488,0.03398658709659855,0.05144795159039968,2012
NA,0.02690720268434113,0.2054902503993796,0.017722506305066936,0.22321275670444654,0.25011995938878767,2012
NE,0.0016646512605506076,0.007621167264093626,0.007575520797881616,0.015196688061975243,0.01686133932252585,2012
NG,0.01919744620200664,0.011690032380362057,0.11197002928259098,0.12366006166295304,0.14285750786495968,2012
NI,0.0,0.09126790330107709,0.035733650447933515,0.12700155374901062,0.12700155374901062,2012
NL,0.0020796687285998612,0.865560986176097,1.3247256754698624,2.1902866616459593,2.192366330374559,2012
NO,2.6012289033802816,1.7829159873411324,1.0969152385673393,2.8798312259084717,5.481060129288753,2012
NP,0.03977164992156322,0.0546546085215807,0.18737891934016848,0.2420335278617492,0.28180517778331243,2012
NR,0.0,1.098276029999026,0.0195412879223718,1.1178173179213977,1.1178173179213977,2012
NU,0.0,3.590210586226523,0.0020785556527553348,3.592289141879278,3.592289141879278,2012
NZ,1.8894800978131667,1.0528094084878394,10.1447308136296,11.19754022211744,13.087020319930605,2012
OM,0.088894721499724,0.7273027645635626,0.26286237782990163,0.9901651423934642,1.079059863893188,2012
PA,0.06690153583581432,0.4531707869855099,0.16968219729908887,0.6228529842845988,0.6897545201204132,2012
PE,0.22550949115148017,0.08901141867413753,0.1134626736062867,0.20247409228042423,0.4279835834319044,2012
PG,0.16504722578665304,0.037374634809110796,0.03361200831026656,0.07098664311937736,0.2360338689060304,2012
PH,0.2020167862980326,0.08101251331762599,1.4838414008442398,1.5648539141618658,1.7668707004598985,2012
PK,0.01501604558264119,0.02163885603770388,0.4369787161931544,0.4586175722308583,0.4736336178134995,2012
PL,0.0171913634506373,0.22822869499549622,0.701264194153729,0.9294928891492252,0.9466842525998626,2012
PT,0.17814917508073222,1.0064016018034556,0.9472774091655987,1.9536790109690543,2.1318281860497863,2012
PW,0.0,8.398626590115953,0.04525697942557683,8.44388356954153,8.44388356954153,2012
PY,0.0084963425520196,0.08091544050813566,0.017346513598563644,0.0982619541066993,0.1067582966587189,2012
QA,0.0,2.1116748474267704,0.5977901245297901,2.70946497195656,2.70946497195656,2012
RO,0.022822040105063623,0.2074845330385488,0.2610004520910354,0.4684849851295842,0.4913070252346478,2012
RS,3.7271542849372586e-05,0.26648716254747856,0.39319199348292616,0.6596791560304047,0.6597164275732541,2012
RU,0.19018824794714023,0.13333801230289927,2.374853045418085,2.5081910577209845,2.6983793056681247,2012
RW,0.003121450510027746,0.04265052838433149,0.023141984573379522,0.06579251295771102,0.06891396346773876,2012
SA,0.4087638725003504,0.49742722783748683,0.9779753360239662,1.475402563861453,1.8841664363618034,2012
SB,0.16983260286677615,0.13051118712147364,0.0289742746220443,0.15948546174351794,0.3293180646102941,2012
SC,1.0258481259355254,2.4623730448148033,0.02739121644435638,2.4897642612591597,3.515612387194685,2012
SD,0.012440072195302364,0.03526587012634719,0.12081963293096089,0.15608550305730806,0.16852557525261042,2012
SE,0.6986093893504975,1.0561755060960745,1.1354926722792182,2.1916681783752927,2.89027756772579,2012
SG,0.0,3.4629865075736674,1.0857387219570376,4.548725229530705,4.548725229530705,2012
SI,0.0,0.2213112319018799,0.05789123503575393,0.27920246693763384,0.27920246693763384,2012
SK,0.010414124592427831,0.10065235599517548,0.027067989145784038,0.12772034514095953,0.13813446973338736,2012
SL,0.0,0.022218168607313606,0.011109186300796435,0.03332735490811004,0.03332735490811004,2012
SN,0.002885092018372872,0.06185397777122322,0.1144427788988791,0.17629675667010233,0.1791818486884752,2012
SO,0.005766718347248571,0.010925788610370142,0.037733690229953334,0.04865947884032348,0.05442619718757205,2012
SR,0.0,0.3564223925720674,0.04448498154017919,0.40090737411224664,0.40090737411224664,2012
SS,0.0017469859356057508,0.031031661621533174,0.011766907253908186,0.04279856887544136,0.04454555481104711,2012
ST,0.0,0.25813058557108093,0.013846725245969317,0.27197731081705023,0.27197731081705023,2012
SV,0.0,0.1382117198712785,0.051860975475768435,0.19007269534704693,0.19007269534704693,2012
SY,0.006560041947712724,0.04653229473435203,0.11283600393234534,0.15936829866669738,0.1659283406144101,2012
SZ,0.0,0.028312169721754342,0.0022507133985934444,0.030562883120347786,0.030562883120347786,2012
TD,6.418894318203667e-05,0.010834533469765114,0.00948722527144686,0.020321758741211976,0.02038594768439401,2012
TG,0.0,0.023829642448332116,0.016349597572057718,0.040179240020389834,0.040179240020389834,2012
TH,0.20046008345687857,0.2626201143964052,1.7249970688433391,1.9876171832397445,2.188077266696623,2012
TJ,0.002819536206508442,0.1195360567720528,0.013369962958389674,0.13290601973044247,0.1357255559369509,2012
TL,0.0,0.0439463029293717,0.0035136492553362415,0.047459952184707936,0.047459952184707936,2012
TM,0.0,0.043839026152155805,0.010432308620549852,0.054271334772705654,0.054271334772705654,2012
TN,0.012433551451154741,0.27419791699024654,0.23272073642786792,0.5069186534181145,0.5193522048692693,2012
TO,0.0,0.802177554438861,0.04481417209867168,0.8469917265375326,0.8469917265375326,2012
TR,0.22161672832543575,0.22895483419475285,1.9814300766615476,2.2103849108563005,2.432001639181736,2012
TT,0.4011863437262477,0.6125584036004899,1.4012823924513538,2.0138407960518436,2.415027139778091,2012
TV,0.0,0.43149807938540335,0.005232162882356671,0.43673024226776,0.43673024226776,2012
TW,0.17627113315232557,0.694569823019922,3.928083435498592,4.622653258518514,4.798924391670839,2012
TZ,0.013877937090732394,0.019663652793732292,0.07302840978352029,0.09269206257725258,0.10656999966798497,2012
UA,0.018865049633352532,0.09266266632526912,0.29145242707945507,0.38411509340472416,0.4029801430380767,2012
UG,0.0001930545895707187,0.018781453642522775,0.04308729501052698,0.061868748653049754,0.06206180324262047,2012
US,1.4152267618829117,0.23940391344342182,14.827154066999798,15.06655798044322,16.48178474232613,2012
UY,2.2186237876645116e-05,0.24462695789801583,0.02769146205234517,0.272318419950361,0.27234060618823763,2012
UZ,0.016103122206371882,0.04437794083317136,0.03226142307968619,0.07663936391285756,0.09274248611922944,2012
VC,0.0006437610359034727,1.067475353148911,0.46794896667197494,1.535424319820886,1.5360680808567895,2012
VE,0.14579601301029518,0.07904113667042637,0.22392980010360544,0.3029709367740318,0.44876694978432696,2012
VN,0.11434390898858675,0.07005983754550142,0.37486445707070193,0.44492429461620336,0.5592682036047901,2012
VU,0.6578526542485656,0.555620288969962,0.027146634681985082,0.582766923651947,1.2406195779005127,2012
WS,0.003348634591700679,0.746908365479547,0.10946052766916117,0.8563688931487081,0.8597175277404088,2012
YE,0.013752931518070827,0.02654291937998668,0.08388380533541187,0.11042672471539855,0.12417965623346938,2012
ZA,0.20048922544900516,0.09069736464414879,0.7754250428915925,0.8661224075357413,1.0666116329847464,2012
ZM,0.007434608974113544,0.03296421011948199,0.02973174274804507,0.06269595286752705,0.0701305618416406,2012
ZW,0.013597303263516339,0.0356658004223077,0.02716916115091625,0.06283496157322395,0.07643226483674029,2012
AE,0.013439486241240412,2.9738050296437097,2.90003354530217,5.87383857494588,5.8872780611871205,2013
AF,0.019399479563796947,0.023493942832972157,0.05303615895145819,0.07653010178443034,0.0959295813482273,2013
AG,0.0,4.061455305232558,1.07505127318111,5.136506578413668,5.136506578413668,2013
AL,0.0,0.3701564844631588,0.039246845724482185,0.40940333018764097,0.40940333018764097,2013
AM,0.0,0.31609249284350005,0.030408936313246378,0.3465014291567464,0.3465014291567464,2013
AO,0.055065463765047416,0.03492812323957927,0.15049029428191946,0.18541841752149874,0.24048388128654616,2013
AR,0.1630506038226307,0.13538242452202437,0.2734967367599979,0.4088791612820223,0.571929765104653,2013
AT,0.0217877790545577,1.0578583315077712,0.7707194907375057,1.8285778222452769,1.8503656012998346,2013
AU,2.2949012900951833,0.7079572582002189,6.375880041676496,7.0838372998767145,9.378738589971897,2013
AZ,0.0036018020689134907,0.13962793478268873,0.058375141047431536,0.19800307583012028,0.20160487789903378,2013
BA,0.0,0.1118445777029787,0.03517131284056072,0.14701589054353942,0.14701589054353942,2013
BB,0.0,2.635989411701151,1.2870785411735721,3.9230679528747228,3.9230679528747228,2013
BD,0.0037153200614263625,0.01820580105785304,0.3427160927770312,0.3609218938348842,0.3646372138963106,2013
BE,0.0005369042844460119,0.9756983608649106,0.8609822897884116,1.8366806506533222,1.8372175549377683,2013
BF,0.0005221128259878028,0.013699146484831178,0.017867360384064227,0.03156650686889541,0.03208861969488321,2013
BG,0.016870990832255045,0.30772114087492775,0.17590750160147553,0.48362864247640325,0.5004996333086583,2013
BH,0.0,2.078929973918293,0.34133254289499726,2.4202625168132905,2.4202625168132905,2013
BI,0.0,0.011072060111079819,0.008786555639114834,0.019858615750194653,0.019858615750194653,2013
BJ,0.0,0.03558912202766426,0.0604855006105728,0.09607462263823706,0.09607462263823706,2013
BN,0.0,1.5469136823264478,0.03543799467072974,1.5823516769971775,1.5823516769971775,2013
BO,0.18236642213212353,0.0649465935659157,0.030338662906195912,0.09528525647211161,0.2776516786042351,2013
BR,0.4068305351265101,0.04935296704979841,0.5092047475660011,0.5585577146157995,0.9653882497423096,2013
BS,2.082474607669025,4.087488422047061,0.059789359788641416,4.147277781835703,6.2297523895047275,2013
BT,0.0,0.10592425197132666,0.001751405099736494,0.10767565707106315,0.10767565707106315,2013
BW,0.06282764091070042,0.12129592344869533,0.01946414934223721,0.14076007279093256,0.20358771370163298,2013
BY,0.0,0.07612632235587204,0.05973665868552269,0.13586298104139471,0.13586298104139471,2013
BZ,1.486094483164387,0.812286499603369,0.02356638685543677,0.8358528864588057,2.3219473696231927,2013
CA,0.8185170878673095,0.6856971097144334,2.629721011783933,3.3154181214983662,4.133935209365676,2013
CD,0.003185564418346393,0.005068281650750742,0.025353202343279927,0.03042148399403067,0.033607048412377064,2013
CF,0.0,0.008413286263045192,0.0032972588470433144,0.011710545110088507,0.011710545110088507,2013
CG,0.12056270625737708,0.08406417081471884,0.03749974783601592,0.12156391865073476,0.24212662490811185,2013
CH,0.024966500650953963,2.2631893258875504,1.5393034066451161,3.8024927325326665,3.8274592331836206,2013
CI,0.0,0.02939910671675068,0.061548406404306574,0.09094751312105726,0.09094751312105726,2013
CK,3.997500710025561,8.050553819937518,0.030711503478916047,8.081265323416433,12.078766033441994,2013
CL,0.429871680939103,0.1725280694765411,0.12620516320261277,0.29873323267915386,0.7286049136182569,2013
CM,0.011557174773492438,0.027542549481422055,0.08010969645005916,0.10765224593148122,0.11920942070497366,2013
CN,0.2172842850140308,0.03284567942040423,5.36310782122673,5.395953500647134,5.613237785661164,2013
CO,0.32293769158605695,0.09018461858210552,0.252720718526907,0.3429053371090125,0.6658430286950694,2013
CR,0.04923447042681239,0.4263768707803214,0.11557807631286393,0.5419549470931853,0.5911894175199977,2013
CU,0.062302578612745005,0.20159666593734488,0.11792209073016123,0.3195187566675061,0.38182133528025114,2013
CV,0.7222626775342867,0.8719937527453757,0.06041208892498939,0.9324058416703651,1.6546685192046517,2013
CY,2.5340085058218846e-06,3.344329522466097,0.20234259426089363,3.546672116726991,3.5466746507354965,2013
CZ,0.0003011084787771323,0.46851394736376434,0.37612132018582456,0.844635267549589,0.8449363760283661,2013
DE,0.1786172436762155,0.7008064205854223,5.326400898344949,6.027207318930372,6.205824562606587,2013
DJ,0.0,0.1754181457803628,0.01814239649930501,0.19356054227966782,0.19356054227966782,2013
DK,0.23207065369052912,1.6975239046375343,1.2955105591490297,2.993034463786564,3.225105117477093,2013
DM,0.0,1.3315355375457218,0.42111920438654005,1.752654741932262,1.752654741932262,2013
DO,0.001458038547231306,0.4504244331277973,0.27446319589529916,0.7248876290230964,0.7263456675703277,2013
DZ,0.04178879716029795,0.09142537528663577,0.12877668858927663,0.2202020638759124,0.26199086103621033,2013
EC,0.24842235730614695,0.13031867648569692,0.08419399522319945,0.21451267170889637,0.46293502901504335,2013
EE,0.03116124739077288,0.6857697627851181,0.09906654750266757,0.7848363102877857,0.8159975576785585,2013
EG,0.012921421275466362,0.09400145822740918,0.8389953557550958,0.9329968139825049,0.9459182352579713,2013
ER,0.022515580478538622,0.07163279511833358,0.013476109575867114,0.0851089046942007,0.10762448517273931,2013
ES,0.5115976096570602,1.1287567416480473,3.2638268242005015,4.392583565848549,4.904181175505609,2013
ET,0.006349725018351767,0.012005902025311153,0.16572184414952656,0.17772774617483772,0.18407747119318948,2013
FI,0.35352845430996904,0.9184183349564714,0.5221242629662713,1.4405425979227426,1.7940710522327117,2013
FJ,0.20113340724961587,0.8657011716021792,0.8737362920102378,1.739437463612417,1.9405708708620328,2013
FM,0.28963846061357185,0.3500152606801638,0.33583050589195,0.6858457665721138,0.9754842271856856,2013
FR,0.2810541057400778,0.649567897512902,4.864120429317253,5.513688326830154,5.794742432570232,2013
GA,0.012224923538688561,0.20414686635383436,0.03599476854602657,0.24014163489986093,0.2523665584385495,2013
GB,0.2530542299920602,1.2552893343232274,11.519634948441933,12.774924282765161,13.02797851275722,2013
GD,0.0,1.5846925198480881,0.30252200314944494,1.887214522997533,1.887214522997533,2013
GE,0.004722344370426279,0.26595635480589375,0.0567383673606251,0.32269472216651884,0.32741706653694513,2013
GH,0.027795502646169184,0.03953046704958224,0.059482658338421285,0.09901312538800353,0.1268086280341727,2013
GM,0.0,0.07429580477417269,0.02236312006005601,0.0966589248342287,0.0966589248342287,2013
GN,0.0,0.019235386248575195,0.014722013126214586,0.03395739937478978,0.03395739937478978,2013
GQ,0.13630481838751227,0.14776878633326843,0.012824059771800428,0.16059284610506885,0.29689766449258115,2013
GR,0.4046480796969968,0.8563633230423594,0.8672301810047388,1.7235935040470982,2.128241583744095,2013
GT,0.003234997502491984,0.07012707461160597,0.07085686982826764,0.1409839444398736,0.1442189419423656,2013
GW,0.0,0.029197398779343773,0.01024426966496021,0.03944166844430398,0.03944166844430398,2013
GY,0.0,0.3864718454549939,0.3012311962930595,0.6877030417480534,0.6877030417480534,2013
HK,0.0,2.9599554535962342,1.685377540943478,4.645332994539713,4.645332994539713,2013
HN,0.03672964215991445,0.08370612326445409,0.04619292903458082,0.12989905229903492,0.16662869445894937,2013
HR,0.050612177358182804,0.5722584255414037,0.1757810696841955,0.7480394952255992,0.798651672583782,2013
HT,0.0021315034627026512,0.05113250734028007,0.033565534528420184,0.08469804186870025,0.0868295453314029,2013
HU,0.0,0.4216268699669321,0.32427560028083363,0.7459024702477657,0.7459024702477657,2013
ID,0.2586164901040411,0.05368504420166487,1.2715472509926697,1.3252322951943345,1.5838487852983756,2013
IE,0.012838493251217487,2.3854010845276847,0.5687257912555856,2.9541268757832704,2.966965369034488,2013
IL,0.08900029279765515,0.7231085226312972,0.33521894783924683,1.058327470470544,1.1473277632681993,2013
IN,0.04202037037880055,0.016597929602175883,2.758287662838053,2.774885592440229,2.8169059628190296,2013
IQ,1.7856136171914798e-05,0.04970218657457208,0.19799080650003575,0.24769299307460785,0.24771084921077977,2013
IR,0.11822085582725524,0.038515066762805014,0.25679666801677126,0.2953117347795763,0.4135325906068315,2013
IS,1.0388810843354894,3.5188570017135703,0.08160405251760028,3.600461054231171,4.6393421385666604,2013
IT,0.38678316443066746,0.66964073915286,4.12106090426896,4.79070164342182,5.177484807852488,2013
JM,0.022954448542526512,0.7917991498325782,0.3041684318056965,1.0959675816382748,1.1189220301808014,2013
JO,0.004278255398746392,0.3606306156716208,0.3051268451488093,0.6657574608204301,0.6700357162191765,2013
JP,0.5258124952054688,0.22587992829456194,4.194559796701983,4.4204397249965455,4.946252220202014,2013
KE,0.033580279153496415,0.04798833061909216,0.20137751075370947,0.24936584137280163,0.28294612052629803,2013
KG,0.07992406796968929,0.16732697519013193,0.02279086587593769,0.1901178410660696,0.27004190903575886,2013
KH,0.014743963958832996,0.16876604460532119,0.10796073569574373,0.2767267803010649,0.2914707442598979,2013
KI,0.0,0.12016198457457088,0.013584429179920655,0.13374641375449153,0.13374641375449153,2013
KM,0.0,0.08434454863026292,0.008314619398940836,0.09265916802920375,0.09265916802920375,2013
KN,0.08600140219677495,2.7961715778962803,0.45644147118749884,3.252613049083779,3.338614451280554,2013
KP,0.0,0.0025130035388449597,0.0017566156641641742,0.004269619203009134,0.004269619203009134,2013
KR,0.3010229001267077,0.4509885769781585,2.0572188599734025,2.508207436951561,2.8092303370782683,2013
KW,0.0,1.3014345964616592,0.46485381860978225,1.7662884150714415,1.7662884150714415,2013
KZ,0.17529368891365718,0.11579202964235133,0.10535161965891535,0.22114364930126668,0.3964373382149239,2013
LA,0.07840960379853901,0.11088767495580354,0.023696597652449594,0.13458427260825312,0.21299387640679213,2013
LB,0.0,0.5475713492759386,0.3538134716238343,0.901384820899773,0.901384820899773,2013
LC,0.0,2.36154675864774,0.6814319881218144,3.0429787467695544,3.0429787467695544,2013
LK,0.0011981931404753642,0.13194432447062754,0.8046959623579412,0.9366402868285687,0.937838479969044,2013
LR,0.0,0.0318768191141458,0.008342117747157627,0.04021893686130343,0.04021893686130343,2013
LS,0.0,0.013867709471997136,0.0026667216716540027,0.01653443114365114,0.01653443114365114,2013
LT,0.00033025054422044646,0.5699887775659488,0.20617529442982857,0.7761640719957774,0.7764943225399978,2013
LU,0.0,2.0496379892298573,0.09828786866635639,2.1479258578962135,2.1479258578962135,2013
LV,0.0,0.8024386366684717,0.17416154866101538,0.9766001853294871,0.9766001853294871,2013
LY,0.12744986698660096,0.339807519174803,0.24129638132907996,0.5811039005038829,0.7085537674904839,2013
MA,0.013218884541892639,0.20172506629730796,0.34102720626766175,0.5427522725649697,0.5559711571068624,2013
MC,0.0,1.2376787880497644,0.0010819102691494212,1.2387606983189139,1.2387606983189139,2013
MD,0.0,0.15983569285759128,0.02856265961847519,0.18839835247606646,0.18839835247606646,2013
ME,5.527462010543239e-05,0.8537544101250469,0.03989022493768816,0.8936446350627351,0.8936999096828405,2013
MG,0.008713404666831749,0.010346841404288551,0.05091295027676085,0.0612597916810494,0.06997319634788114,2013
MH,0.24101734377774708,0.5471281150727098,0.1466874831292881,0.6938155982019978,0.9348329419797449,2013
MK,0.0012556624016530238,0.25088114916951443,0.04076643035327111,0.2916475795227855,0.29290324192443856,2013
ML,0.0,0.019325340220846796,0.02412117144079638,0.04344651166164318,0.04344651166164318,2013
MM,0.024870352061365317,0.0321667031616195,0.10312276912659682,0.1352894722882163,0.16015982434958162,2013
MN,0.07996511775912109,0.15119179236440788,0.013434927591162382,0.16462671995557027,0.24459183771469134,2013
MO,0.0,4.635302625667439,0.06142109308244701,4.696723718749886,4.696723718749886,2013
MR,0.00838600247756083,0.05146615794369949,0.010249614327259392,0.06171577227095888,0.07010177474851971,2013
MT,0.0,4.301380317981944,0.1210234773747675,4.422403795356711,4.422403795356711,2013
MU,0.09030553438307523,0.8028829172166349,0.1866978789143486,0.9895807961309835,1.0798863305140587,2013
MV,1.961079311120554,3.9239883020471416,0.07644732896771878,4.00043563101486,5.961514942135414,2013
MW,0.0014681518463024205,0.010444742100763925,0.009510900589438178,0.019955642690202103,0.021423794536504524,2013
MX,0.21772901854163218,0.12996464962233306,0.3444565915222676,0.47442124114460066,0.6921502596862328,2013
MY,0.6525648594920208,0.5152340910375115,1.5969522168949768,2.1121863079324883,2.7647511674245093,2013
MZ,0.01908527958541269,0.018060954243621297,0.02688713921219529,0.04494809345581659,0.06403337304122927,2013
NA,0.02730645129784223,0.1993275939530514,0.021472383268412495,0.2207999772214639,0.24810642851930614,2013
NE,0.0011617774568736827,0.007583843064362449,0.009202289749940041,0.01678613281430249,0.017947910271176173,2013
NG,0.016305225528918086,0.012058700451235301,0.1302043526806317,0.14226305313186702,0.1585682786607851,2013
NI,0.0,0.09377032556330012,0.03614530639257956,0.12991563195587968,0.12991563195587968,2013
NL,0.0030263929591114267,0.9056873308008582,1.4670763968250597,2.3727637276259177,2.375790120585029,2013
NO,2.5504021161688177,2.053203228897562,1.2392867281564799,3.292489957054042,5.84289207322286,2013
NP,0.038954409417094514,0.06022498154765953,0.18915714684755638,0.24938212839521592,0.28833653781231044,2013
NR,0.0,1.6677759817438433,0.028371634106179384,1.6961476158500228,1.6961476158500228,2013
NU,0.0,6.001702610669693,0.00248630764305717,6.00418891831275,6.00418891831275,2013
NZ,1.9634673454500386,1.1219510935592594,12.41285610958207,13.534807203141328,15.498274548591366,2013
OM,0.0973245871776433,0.7328377039332921,0.2803357476401712,1.0131734515734632,1.1104980387511065,2013
PA,0.07512922417914904,0.46362548162524064,0.13556223412089552,0.5991877157461362,0.6743169399252852,2013
PE,0.2659416976751463,0.09989483169499525,0.1177663761043235,0.21766120779931875,0.48360290547446505,2013
PG,0.17870504262590306,0.0381223067489628,0.04134579532270863,0.07946810207167143,0.25817314469757446,2013
PH,0.16889486511349702,0.09087119859004347,1.4608183575367648,1.5516895561268083,1.7205844212403052,2013
PK,0.014811039378809641,0.024262180722248956,0.49744747062267264,0.5217096513449216,0.5365206907237313,2013
PL,0.017996191353612623,0.2567364733799622,0.8402867081849542,1.0970231815649165,1.1150193729185292,2013
PT,0.17954584962103776,1.076351524884833,0.9768053055549344,2.053156830439767,2.2327026800608047,2013
PW,0.0,7.411661378059838,0.031670904534317895,7.443332282594156,7.443332282594156,2013
PY,0.003783402939767938,0.07430523807573661,0.01830356008813931,0.09260879816387592,0.09639220110364385,2013
QA,0.0,2.2113821378197134,0.5786435162489441,2.7900256540686574,2.7900256540686574,2013
RO,0.02042588913149785,0.2182855128622597,0.293607487526281,0.5118930003885407,0.5323188895200386,2013
RS,2.1164951939066927e-05,0.29597316174146326,0.40421196023516154,0.7001851219766249,0.7002062869285639,2013
RU,0.20050538954988675,0.1495897854845026,2.6985373870849356,2.848127172569438,3.048632562119325,2013
RW,0.001696152826831234,0.029142620707559668,0.024184194564726074,0.05332681527228574,0.05502296809911698,2013
SA,0.42863082065128677,0.5655619214805814,1.085322781141053,1.6508847026216344,2.079515523272921,2013
SB,0.16617502458210423,0.14414945919370695,0.05381079750616821,0.19796025669987516,0.36413528128197936,2013
SC,0.9431982917368648,3.3097794146456136,0.03188708812603691,3.3416665027716506,4.284864794508516,2013
SD,0.009470476883302976,0.03435754571394031,0.1122276203189677,0.146585166032908,0.15605564291621096,2013
SE,0.633379927546346,1.1358632046680315,1.24981720665884,2.3856804113268715,3.0190603388732176,2013
SG,0.0,3.732682670861566,1.151347959576243,4.884030630437809,4.884030630437809,2013
SI,0.0,0.2411577861179649,0.06000749496499537,0.30116528108296026,0.30116528108296026,2013
SK,0.012093696203364543,0.09714196046075518,0.02843918644781633,0.12558114690857153,0.13767484311193606,2013
SL,0.0,0.023817811333277036,0.013552248720924929,0.037370060054201966,0.037370060054201966,2013
SN,0.0027176289374932217,0.07240098698483224,0.12589972864053842,0.19830071562537066,0.20101834456286388,2013
SO,0.0061941347955498825,0.012192614623274051,0.032759070241246205,0.04495168486452025,0.05114581966007013,2013
SR,0.0,0.37046325260975005,0.04216865739973412,0.4126319100094842,0.4126319100094842,2013
SS,0.0,0.028755423921099567,0.017860473722950947,0.04661589764405051,0.04661589764405051,2013
ST,0.0,0.19217905440387684,0.014899814330631067,0.2070788687345079,0.2070788687345079,2013
SV,0.0,0.14180042838719178,0.047686082555415586,0.18948651094260738,0.18948651094260738,2013
SY,0.0006116698559375107,0.014229574055228993,0.046827407669643335,0.061056981724872325,0.061668651580809836,2013
SZ,0.0,0.031351604881459126,0.0029772812095208963,0.034328886090980025,0.034328886090980025,2013
TD,0.0,0.009133538040826582,0.009724223881760054,0.018857761922586636,0.018857761922586636,2013
TG,0.0,0.024477993236374677,0.014160722807546652,0.03863871604392133,0.03863871604392133,2013
TH,0.2322482285589798,0.31768938053419166,2.0804538534598622,2.398143233994054,2.630391462553034,2013
TJ,0.003017991111786157,0.10501983515571413,0.01478648574800136,0.11980632090371549,0.12282431201550165,2013
TL,0.0,0.06523804797638723,0.006365660752237784,0.07160370872862501,0.07160370872862501,2013
TM,0.0,0.051056337731744984,0.01562661736279126,0.06668295509453624,0.06668295509453624,2013
TN,0.011713471245880215,0.312642442215313,0.3092439735112937,0.6218864157266066,0.6335998869724868,2013
TO,0.0,0.8844673975980126,0.032498288948596535,0.9169656865466091,0.9169656865466091,2013
TR,0.2907316203201415,0.2593562420318117,2.217873535821442,2.4772297778532537,2.7679613981733953,2013
TT,0.46181050831308185,0.5791910681533257,1.288870714774574,1.8680617829278996,2.3298722912409815,2013
TV,0.0,0.44505044995909465,0.005100377339485435,0.4501508272985801,0.4501508272985801,2013
TW,0.09981032908959885,0.770018885952972,3.3454881004460484,4.11550698639902,4.215317315488619,2013
TZ,0.016104865201074355,0.02270877218739062,0.08560874767769072,0.10831751986508134,0.12442238506615569,2013
UA,0.016810780377641877,0.10633701427609174,0.3653071022239953,0.4716441165000871,0.488454896877729,2013
UG,0.00040597625573753456,0.019012853424460376,0.04578893323019101,0.06480178665465139,0.06520776291038892,2013
US,1.3795570801167605,0.27128429944461785,15.200676038542678,15.471960337987296,16.851517418104056,2013
UY,0.0007831796916125341,0.2620611914434928,0.02987621631390796,0.2919374077574008,0.2927205874490133,2013
UZ,0.0169542759376956,0.050101626409443,0.04016186558852196,0.09026349199796496,0.10721776793566057,2013
VC,0.0,1.0259582928746476,0.4156574163714881,1.4416157092461357,1.4416157092461357,2013
VE,0.1509260536454058,0.0864449680361169,0.23695059870077723,0.3233955667368941,0.4743216203822999,2013
VN,0.12926638795552375,0.07957001230740637,0.45668548410598503,0.5362554964133914,0.6655218843689152,2013
VU,0.6159374729843368,0.5952287391642632,0.034053339180911246,0.6292820783451745,1.2452195513295112,2013
WS,0.0,0.7864052696350394,0.06735714721970129,0.8537624168547407,0.8537624168547407,2013
YE,0.012378146015454193,0.029644029028533185,0.09473192336327696,0.12437595239181015,0.13675409840726435,2013
ZA,0.18267784701607892,0.09668057406974173,0.8200469350534193,0.916727509123161,1.0994053561392398,2013
ZM,0.009039160147897945,0.035244373383539196,0.035545501131838866,0.07078987451537806,0.07982903466327601,2013
ZW,0.019840431665682876,0.04323129016752621,0.032984871855895465,0.07621616202342167,0.09605659368910455,2013
AE,0.008005342803592722,3.025074075432015,2.8632196549295807,5.888293730361596,5.8962990731651885,2014
AF,0.023237980194448594,0.02119452656936461,0.04358786345740182,0.06478239002676643,0.08802037022121503,2014
AG,0.0,4.11083197206106,1.0466730726420863,5.1575050447031465,5.1575050447031465,2014
AL,0.0,0.35678243650452,0.03743184999535084,0.39421428649987084,0.39421428649987084,2014
AM,0.0,0.39257608928484655,0.03515884074768372,0.42773493003253027,0.42773493003253027,2014
AO,0.0396845538504451,0.03559468437730905,0.16635666944000133,0.2019513538173104,0.2416359076677555,2014
AR,0.19635540765075438,0.13446851647302277,0.2660244778246822,0.40049299429770496,0.5968484019484593,2014
AT,0.02052196244702449,1.1154081661542163,0.8099877205072279,1.9253958866614442,1.9459178491084688,2014
AU,2.171750149529991,0.7265530553767197,6.6599833244697795,7.386536379846499,9.55828652937649,2014
AZ,0.006924415370229354,0.14080049522704374,0.06179254177617627,0.20259303700322,0.20951745237344938,2014
BA,0.0,0.13884536958154237,0.041236400649446434,0.1800817702309888,0.1800817702309888,2014
BB,0.0,2.440103755011712,1.2495616457036658,3.689665400715378,3.689665400715378,2014
BD,0.004618873374221397,0.020720156312165696,0.3817101629389865,0.4024303192511522,0.4070491926253736,2014
BE,0.0007231859001675183,1.0706399280864014,0.9440176317033792,2.0146575597897804,2.015380745689948,2014
BF,0.00011892836546291741,0.013422722701455628,0.01668866009335221,0.030111382794807837,0.030230311160270754,2014
BG,0.015884376579058484,0.33062165585696585,0.20075283277639205,0.5313744886333579,0.5472588652124164,2014
BH,0.0,2.0524668506940635,0.3219519989060976,2.3744188496001613,2.3744188496001613,2014
BI,0.0,0.013287022539150312,0.010084186364772884,0.023371208903923198,0.023371208903923198,2014
BJ,0.0,0.03321893627599772,0.05303060994412703,0.08624954622012476,0.08624954622012476,2014
BN,0.0,1.5322591481703658,0.03349722484903175,1.5657563730193975,1.5657563730193975,2014
BO,0.209634019634086,0.07465041578454862,0.03372623087325011,0.10837664665779873,0.31801066629188474,2014
BR,0.4233144875380967,0.0529371580927151,0.5589370330938861,0.6118741911866012,1.035188678724698,2014
BS,2.13855421686747,4.199169234471537,0.05891789921013402,4.258087133681671,6.396641350549141,2014
BT,0.002792099735384783,0.2068772676432878,0.0035213662801749563,0.21039863392346275,0.21319073365884753,2014
BW,0.04556767726620639,0.12299014200448977,0.01888162789235849,0.14187176989684824,0.18743944716305463,2014
BY,3.832061539319063e-05,0.08863463330654761,0.07043154930242966,0.15906618260897726,0.15910450322437045,2014
BZ,2.5870853657837567,0.8620236041292895,0.023427508931513685,0.8854511130608032,3.47253647884456,2014
CA,0.8250042150442619,0.7132208483385541,2.775702517746166,3.48892336608472,4.313927581128982,2014
CD,0.005007063355875003,0.005110273373644422,0.024178594019612126,0.02928886739325655,0.03429593074913155,2014
CF,0.0,0.01080381434258915,0.003054212273873031,0.01385802661646218,0.01385802661646218,2014
CG,0.11491494971743692,0.08386134713859662,0.03632944896881006,0.12019079610740668,0.23510574582484361,2014
CH,0.03165244566823227,2.3669165332964766,1.6853429576701606,4.052259490966637,4.08391193663487,2014
CI,0.0006818090547324737,0.0299634755341935,0.0625847257338572,0.0925482012680507,0.09323001032278318,2014
CK,4.047741273100616,8.254677161761348,0.02695657685980901,8.281633738621156,12.329375011721773,2014
CL,0.4382784670677856,0.18076644371604755,0.1361823616783835,0.31694880539443104,0.7552272724622167,2014
CM,0.0114161478480426,0.02848245909442988,0.07679995048768076,0.10528240958211064,0.11669855743015324,2014
CN,0.2353177325937039,0.03682231376230935,6.38604623200749,6.422868545769799,6.6581862783635035,2014
CO,0.3579488121971345,0.09646244212632499,0.23932042002682996,0.33578286215315495,0.6937316743502895,2014
CR,0.046218900765850404,0.4622047404312752,0.11950705918189806,0.5817117996131732,0.6279307003790237,2014
CU,0.03476526558740843,0.22098515866343615,0.13308424912748845,0.3540694077909246,0.38883467337833305,2014
CV,0.7165086292712062,0.8779819880310584,0.05358215944064182,0.9315641474717002,1.6480727767429064,2014
CY,3.3283380526393307e-06,3.3734129028017112,0.22780633369715972,3.601219236498871,3.601222564836924,2014
CZ,0.0005204794496191296,0.49266175320374406,0.39613815639598504,0.8887999095997291,0.8893203890493482,2014
DE,0.18969828726082652,0.7447934577335256,5.548276641884272,6.293070099617798,6.482768386878624,2014
DJ,0.0,0.16915822793646867,0.016876297181287997,0.18603452511775667,0.18603452511775667,2014
DK,0.22931170060423892,1.7635762396713985,1.3120341663858495,3.075610406057248,3.304922106661487,2014
DM,0.0,1.3054722691941512,0.37064457598720585,1.676116845181357,1.676116845181357,2014
DO,0.0021542280724748167,0.49514508612646874,0.31820759568035956,0.8133526818068283,0.8155069098793031,2014
DZ,0.04151849902933374,0.09341372777931808,0.1383610999113661,0.2317748276906842,0.27329332672001794,2014
EC,0.21341674688639764,0.1300041708439548,0.0833917520114835,0.2133959228554383,0.42681266974183596,2014
EE,0.021827347061741317,0.7458948672146263,0.11999107434549834,0.8658859415601247,0.8877132886218659,2014
EG,0.014028769432212198,0.0957971797703678,0.8439264216183041,0.939723601388672,0.9537523708208842,2014
ER,0.01811595022313777,0.05793634152275171,0.011034605236958442,0.06897094675971016,0.08708689698284794,2014
ES,0.4970743054372983,1.1873496313841887,3.428321644096295,4.615671275480484,5.112745580917782,2014
ET,0.007754846160746101,0.011446580799937812,0.13046495948922124,0.14191154028915906,0.14966638644990515,2014
FI,0.33774692933534783,0.950506840014911,0.5442111082766283,1.4947179482915394,1.8324648776268873,2014
FJ,0.18345548368815967,0.8700578148073475,1.0576862524186397,1.9277440672259871,2.111199550914147,2014
FM,0.3141905605372892,0.353029632089745,0.347563466962335,0.70059309905208,1.0147836595893693,2014
FR,0.28437891989073477,0.6748720701623305,4.937541926806041,5.612413996968372,5.8967929168591064,2014
GA,0.01631166599272139,0.19362312980186014,0.034895498552931684,0.2285186283547918,0.2448302943475132,2014
GB,0.2466966781136645,1.2429563933083128,11.288590183559402,12.531546576867715,12.77824325498138,2014
GD,0.0,1.849665299828269,0.2876925119070513,2.1373578117353205,2.1373578117353205,2014
GE,0.005239504381325608,0.29865965921734094,0.06594293430957662,0.3646025935269176,0.3698420979082432,2014
GH,0.028249038071732874,0.04141630047252666,0.06471585471368727,0.10613215518621393,0.13438119325794678,2014
GM,0.0,0.07249109274631697,0.01903373818946362,0.0915248309357806,0.0915248309357806,2014
GN,0.0,0.016522553448449585,0.012252044448588559,0.028774597897038144,0.028774597897038144,2014
GQ,0.11870244058555765,0.13598313507088014,0.011226449364190205,0.14720958443507035,0.265912025020628,2014
GR,0.4645154585911938,1.000920760777904,1.016233599972629,2.017154360750533,2.481669819341727,2014
GT,0.005409800261131986,0.07628682431301405,0.08960945983922661,0.16589628415224067,0.17130608441337267,2014
GW,0.0,0.024074131508303266,0.007537410891549907,0.03161154239985317,0.03161154239985317,2014
GY,0.0,0.416829636622299,0.34598001425268315,0.7628096508749822,0.7628096508749822,2014
HK,0.0,3.1218980804699776,1.5206814157573623,4.64257949622734,4.64257949622734,2014
HN,0.03330199019719695,0.08787336196070186,0.050983979654894325,0.13885734161559618,0.17215933181279314,2014
HR,0.053457547720939004,0.6242102401742015,0.1876134243615779,0.8118236645357794,0.8652812122567184,2014
HT,0.002758734377462768,0.05906720516791532,0.03711280640581932,0.09618001157373464,0.09893874595119741,2014
HU,0.0,0.44862576121568204,0.3545654990792141,0.8031912602948961,0.8031912602948961,2014
ID,0.27450280818064,0.058579466800035396,1.35040492128107,1.4089843880811055,1.6834871962617455,2014
IE,0.012376994825727062,2.4127327945174133,0.594924848255298,3.0076576427727115,3.0200346375984384,2014
IL,0.11476541180084686,0.79850425069509,0.3770091033616765,1.1755133540567666,1.2902787658576134,2014
IN,0.04516768896579869,0.017485692929337812,2.816677672749686,2.8341633656790237,2.8793310546448225,2014
IQ,2.4021849048178006e-05,0.04653412460975781,0.16750677668003136,0.21404090128978917,0.21406492313883735,2014
IR,0.11961081467342323,0.04181839854447823,0.29230017699231825,0.33411857553679647,0.4537293902102197,2014
IS,0.8978235911966584,3.9229890813161044,0.08918170432433181,4.0121707856404365,4.909994376837095,2014
IT,0.4138372549424602,0.7112073121381648,4.294355481511972,5.005562793650137,5.419400048592597,2014
JM,0.01650040859075028,0.8610766393115488,0.33744030261775615,1.198516941929305,1.2150173505200552,2014
JO,0.004586252276292098,0.3457482105301471,0.31850234338716066,0.6642505539173078,0.6688368061935999,2014
JP,0.6241437570962358,0.24306043166700086,4.3116523326973715,4.554712764364372,5.178856521460608,2014
KE,0.03210553242200461,0.0444778056885952,0.20092699920826654,0.24540480489686173,0.2775103373188663,2014
KG,0.11179185120370737,0.19076502983307614,0.026251055064105147,0.21701608489718127,0.32880793610088865,2014
KH,0.020898146702438666,0.18742584484591968,0.11531170175401356,0.30273754659993324,0.3236356933023719,2014
KI,0.0,0.2032499176248201,0.4790883998075127,0.6823383174323328,0.6823383174323328,2014
KM,0.0,0.08714228892921042,0.008311674539034574,0.09545396346824499,0.09545396346824499,2014
KN,0.10660663849306633,2.8060056488776577,0.418935943365985,3.224941592243643,3.331548230736709,2014
KP,0.0,0.0025364950468860837,0.0011421921345802174,0.003678687181466301,0.003678687181466301,2014
KR,0.3169664862754856,0.4941527202249286,2.085087371963669,2.5792400921885976,2.896206578464083,2014
KW,0.0,1.3622399793112818,0.4648656434312909,1.8271056227425726,1.8271056227425726,2014
KZ,0.18896447828489496,0.12021765480289529,0.12492511063635406,0.24514276543924934,0.43410724372414433,2014
LA,0.06835599623581194,0.10825009413453808,0.021065613535506844,0.1293157076700449,0.19767170390585687,2014
LB,0.0,0.49206962670494203,0.3397922954550404,0.8318619221599824,0.8318619221599824,2014
LC,0.0,2.2865485993866934,0.6156411038083753,2.9021897031950687,2.9021897031950687,2014
LK,0.0007613891867327633,0.1344496074153719,0.8017182924048576,0.9361678998202295,0.9369292890069623,2014
LR,0.0,0.029675783374164766,0.008357984580950235,0.038033767955115,0.038033767955115,2014
LS,0.0,0.015655580121812097,0.002753211833120332,0.01840879195493243,0.01840879195493243,2014
LT,0.000609579812680351,0.6355892332113264,0.2372952754789356,0.872884508690262,0.8734940885029424,2014
LU,0.0,2.2043686711164723,0.10490169892335767,2.30927037003983,2.30927037003983,2014
LV,0.0,0.8631666941637761,0.17931472006295998,1.042481414226736,1.042481414226736,2014
LY,0.11793469432970731,0.3028554038335512,0.19187999791497373,0.49473540174852493,0.6126700960782322,2014
MA,0.014581412305531566,0.2066517018966355,0.36066589505120644,0.5673175969478419,0.5818990092533735,2014
MC,0.0,1.1808569530558017,0.0010612474921192464,1.181918200547921,1.181918200547921,2014
MD,0.0,0.21740719877201398,0.03586341784342763,0.2532706166154416,0.2532706166154416,2014
ME,3.484453004232026e-05,0.944758749144725,0.04281792477745116,0.9875766739221762,0.9876115184522185,2014
MG,0.008625827742365758,0.010291246109124297,0.06042370378291752,0.07071494989204181,0.07934077763440757,2014
MH,0.25114467025463894,0.7133906337858462,0.5395757932975327,1.252966427083379,1.5041110973380178,2014
MK,0.0007202804238392298,0.30256633061922594,0.045971567229442956,0.3485378978486689,0.3492581782725081,2014
ML,0.0,0.019384673934076557,0.024504282080945745,0.0438889560150223,0.0438889560150223,2014
MM,0.02004374997065012,0.03752382963816833,0.1175285041846891,0.15505233382285744,0.17509608379350755,2014
MN,0.06512925681024415,0.14727991876522037,0.013556676026540412,0.16083659479176077,0.2259658516020049,2014
MO,0.0,4.751990811136745,0.061281287819444565,4.8132720989561895,4.8132720989561895,2014
MR,0.007887459939082981,0.050646561244158145,0.010537812900468083,0.06118437414462623,0.0690718340837092,2014
MT,0.0,4.6447955625625745,0.13896783680556266,4.783763399368137,4.783763399368137,2014
MU,0.09061040058699509,0.8659609412973952,0.18637749938199283,1.052338440679388,1.142948841266383,2014
MV,1.8954733485325796,4.03720108216055,0.07702834944490844,4.114229431605459,6.0097027801380385,2014
MW,0.007956905070998844,0.01771009397565978,0.019019822518960297,0.036729916494620075,0.04468682156561892,2014
MX,0.2321771305163372,0.14041154371691628,0.3899193863732125,0.5303309300901288,0.762508060606466,2014
MY,0.6790100005091846,0.5549487546266816,1.5087610919942898,2.0637098466209713,2.742719847130156,2014
MZ,0.019899276711786953,0.017764447102824026,0.028567968450969514,0.04633241555379354,0.0662316922655805,2014
NA,0.0204252514339542,0.20121852588383562,0.022954620091262295,0.2241731459750979,0.24459839740905212,2014
NE,0.0005558935567398867,0.006800719133297311,0.008661305678568345,0.015462024811865656,0.01601791836860554,2014
NG,0.018920728189599056,0.012787318175774998,0.13800644824219518,0.15079376641797018,0.16971449460756924,2014
NI,0.0,0.09667679443078471,0.0360911716371426,0.13276796606792732,0.13276796606792732,2014
NL,0.0022430299688979897,0.9840868124646912,1.498581313454125,2.482668125918816,2.484911155887714,2014
NO,2.6309141111399845,2.0904187822816813,1.289780772670356,3.3801995549520374,6.011113666092022,2014
NP,0.035952034466148,0.07197182604887115,0.22435085252304107,0.2963226785719122,0.3322747130380602,2014
NR,0.0,2.9236641221374047,0.1401011848560778,3.0637653069934823,3.0637653069934823,2014
NU,0.0,7.0474844544940645,0.0027275254610765946,7.050211979955141,7.050211979955141,2014
NZ,1.9552596151699,1.145798911912779,13.707346978545273,14.853145890458052,16.808405505627952,2014
OM,0.09695713038974485,0.733139218361604,0.27462840521201587,1.00776762357362,1.1047247539633647,2014
PA,0.07429665219290357,0.49461447547596404,0.14875465012062616,0.6433691255965902,0.7176657777894938,2014
PE,0.2649735391617683,0.10091674058682637,0.13150460551784493,0.2324213461046713,0.4973948852664396,2014
PG,0.22186849184501892,0.03732201583843894,0.04916796320179648,0.08648997904023542,0.30835847088525437,2014
PH,0.21579407660209934,0.09414434031277533,1.5162805027017767,1.610424843014552,1.8262189196166514,2014
PK,0.01285737545334474,0.02594651102636876,0.5013317429455207,0.5272782539718895,0.5401356294252343,2014
PL,0.02374363823255925,0.26313117120547896,0.8748111078021901,1.137942279007669,1.1616859172402283,2014
PT,0.191524224313241,1.184479480401968,1.1116629896279249,2.296142470029893,2.487666694343134,2014
PW,0.0,7.508890770533445,0.023721475058889618,7.532612245592334,7.532612245592334,2014
PY,0.0016297047799346636,0.0828114746900686,0.02397635681268858,0.10678783150275717,0.10841753628269184,2014
QA,0.0,2.176124202793761,0.6021457798021945,2.7782699825959556,2.7782699825959556,2014
RO,0.020504178298927082,0.24525181921992467,0.3419617766784025,0.5872135958983271,0.6077177741972541,2014
RS,1.4251711796626136e-05,0.3010604933970297,0.42053259186673814,0.7215930852637679,0.7216073369755645,2014
RU,0.2180922812290811,0.15515133354113653,2.9097735639581312,3.0649248974992678,3.2830171787283486,2014
RW,0.0019429363953844328,0.0279812406019768,0.023713568308169366,0.05169480891014616,0.053637745305530594,2014
SA,0.45519441806726285,0.6117796983308714,1.0234724741146575,1.635252172445529,2.0904465905127916,2014
SB,0.17279886141855835,0.10326985547277714,0.0395293325148757,0.14279918798765284,0.31559804940621117,2014
SC,0.9176142335696676,3.166883253387352,0.03277826637247028,3.199661519759822,4.11727575332949,2014
SD,0.00784489877964578,0.033511355211834286,0.1077565625620195,0.14126791777385378,0.14911281655349956,2014
SE,0.6365023096637702,1.138478345593684,1.3033850573208858,2.44186340291457,3.07836571257834,2014
SG,0.0,3.7668973414683307,1.2201718205965797,4.987069162064911,4.987069162064911,2014
SI,0.0,0.2510686693214782,0.06516070826121648,0.31622937758269465,0.31622937758269465,2014
SK,0.004698784723825212,0.1068551104939218,0.031219551506595354,0.13807466200051716,0.14277344672434236,2014
SL,0.0,0.02194801483628389,0.012239231493510076,0.03418724632979397,0.03418724632979397,2014
SN,0.0026016629897099384,0.07004104407952969,0.11338548783259178,0.18342653191212147,0.1860281949018314,2014
SO,0.005697893570301895,0.011706518637030452,0.022845719195061467,0.03455223783209192,0.04025013140239382,2014
SR,0.0,0.3696940940920065,0.04432245091456581,0.4140165450065723,0.4140165450065723,2014
SS,0.0,0.022648631001207647,0.012958729011693383,0.03560736001290103,0.03560736001290103,2014
ST,0.0,0.20540537793430808,0.009063073287085055,0.21446845122139313,0.21446845122139313,2014
SV,0.0,0.1531215139490715,0.051655445180649955,0.20477695912972146,0.20477695912972146,2014
SY,0.0006659380035937272,0.002299634219950133,0.003914198420627324,0.006213832640577456,0.006879770644171184,2014
SZ,0.0,0.030103872308256896,0.003090463410208335,0.03319433571846523,0.03319433571846523,2014
TD,0.0,0.0105047136879137,0.009567779631561323,0.020072493319475023,0.020072493319475023,2014
TG,0.0,0.023342544948443955,0.013192835723407424,0.03653538067185138,0.03653538067185138,2014
TH,0.2695649149720321,0.3198705937036019,1.9956773479481875,2.3155479416517895,2.5851128566238217,2014
TJ,0.0002074641519036379,0.13166793107442695,0.019283581373652506,0.15095151244807947,0.15115897659998312,2014
TL,0.0,0.06734139772891683,0.0048138235493658576,0.07215522127828268,0.07215522127828268,2014
TM,0.0,0.050754014257442824,0.014209893140495712,0.06496390739793853,0.06496390739793853,2014
TN,0.012833360297342057,0.29337249500811047,0.32612135549677784,0.6194938505048884,0.6323272108022304,2014
TO,0.0,0.9147914341190706,0.030889230031201833,0.9456806641502724,0.9456806641502724,2014
TR,0.32645743920183456,0.279297388233664,2.3843105367091764,2.6636079249428404,2.990065364144675,2014
TT,0.4842030748748708,0.6226604021726357,1.2603390654805522,1.882999467653188,2.3672025425280587,2014
TV,0.0,0.476238164603059,0.0054893014428225514,0.48172746604588157,0.48172746604588157,2014
TW,0.09454370536538947,0.8574714682720643,3.281899061402447,4.139370529674511,4.233914235039901,2014
TZ,0.01799757274419088,0.020879651042058085,0.09267811201618302,0.11355776305824111,0.131555335802432,2014
UA,0.011703744726725047,0.09982517763926947,0.34067703351736256,0.440502211156632,0.45220595588335705,2014
UG,0.00045577014259906963,0.017299153063786196,0.04239774668180167,0.05969689974558787,0.06015266988818694,2014
US,1.410045304033921,0.2840836510235163,16.103590876301745,16.38767452732526,17.79771983135918,2014
UY,0.0003912006373620742,0.305192808582221,0.035241070431601816,0.34043387901382277,0.34082507965118486,2014
UZ,0.014525761411989824,0.0520230722343392,0.04284927341023985,0.09487234564457905,0.10939810705656888,2014
VC,0.0,1.079276514623146,0.4351361413245299,1.5144126559476758,1.5144126559476758,2014
VE,0.19000290836815756,0.0671176934521788,0.23072158572611215,0.29783927917829095,0.4878421875464485,2014
VN,0.17076466036961907,0.08415412863266014,0.5575553846821093,0.6417095133147694,0.8124741736843886,2014
VU,0.6510413464494313,0.5482131878266217,0.028975959551140518,0.5771891473777622,1.2282304938271935,2014
WS,0.0,0.7886890925178843,0.06394477722598046,0.8526338697438648,0.8526338697438648,2014
YE,0.012512774880981995,0.028981871388928104,0.08759424677254606,0.11657611816147416,0.12908889304245616,2014
ZA,0.1891811970024987,0.09822683537633475,0.8417140931204566,0.9399409284967915,1.1291221254992903,2014
ZM,0.00733260083238363,0.03317455489243214,0.033590202314085355,0.06676475720651749,0.07409735803890112,2014
ZW,0.009602348304308233,0.0391552743303857,0.031017480704919463,0.07017275503530516,0.07977510333961339,2014
AE,0.005570495028435209,3.2346977676173734,3.1615135364891924,6.396211304106566,6.4017817991350014,2015
AF,0.014057647127119946,0.018316869318431038,0.03509630631019972,0.05341317562863076,0.0674708227557507,2015
AG,0.09991164200471989,3.9039470299410577,0.687966798365218,4.591913828306276,4.691825470310996,2015
AL,0.0,0.351328143758849,0.04244764155753251,0.3937757853163815,0.3937757853163815,2015
AM,0.0,0.3580519085286512,0.03437850778396841,0.3924304163126196,0.3924304163126196,2015
AO,0.027711719503066255,0.03307662765390959,0.15051541708326982,0.1835920447371794,0.21130376424024566,2015
AR,0.21696134499767372,0.13666074844333825,0.26158513629712465,0.3982458847404629,0.6152072297381366,2015
AT,0.02239670857532093,1.1918172964996219,0.9141579529012502,2.1059752494008723,2.128371957976193,2015
AU,2.183483824663118,0.7315991538667825,6.412711783803542,7.144310937670324,9.327794762333443,2015
AZ,0.004931379032795542,0.14227707798233338,0.062909631792879,0.2051867097752124,0.21011808880800792,2015
BA,8.526263734389832e-07,0.16031024231641533,0.04907794146573515,0.2093881837821505,0.20938903640852394,2015
BB,0.0,2.5569518620739093,1.0930535934111316,3.650005455485041,3.650005455485041,2015
BD,0.0069732515499643785,0.023958124213346255,0.4253752328206086,0.4493333570339548,0.4563066085839192,2015
BE,0.0007775378735975472,1.145161451965729,1.0600008067938298,2.2051622587595587,2.205939796633156,2015
BF,0.0001704168401234947,0.013907079259327937,0.016380911124885322,0.03028799038421326,0.030458407224336754,2015
BG,0.01738567808338176,0.3527948453483286,0.22439206107823603,0.5771869064265647,0.5945725845099464,2015
BH,0.0,2.15853393202643,0.3341164793504017,2.4926504113768315,2.4926504113768315,2015
BI,0.0,0.011244906124237161,0.00924973066128947,0.020494636785526633,0.020494636785526633,2015
BJ,0.0,0.0350274776661716,0.06544973177300957,0.10047720943918118,0.10047720943918118,2015
BN,0.0,1.4429646717762643,0.0335700570854631,1.4765347288617274,1.4765347288617274,2015
BO,0.2321994097890048,0.07972959784215736,0.036281979783747004,0.11601157762590436,0.3482109874149092,2015
BR,0.4319496030881922,0.0520389057409304,0.5614707404231678,0.6135096461640982,1.0454592492522905,2015
BS,2.0035267006793895,4.282769251529793,0.06530732509344483,4.348076576623237,6.351603277302626,2015
BT,0.0,0.15189341873948514,0.003537214281548734,0.15543063302103388,0.15543063302103388,2015
BW,0.03985343622873788,0.12229442288813053,0.020457868153271316,0.14275229104140186,0.18260572727013974,2015
BY,2.339972002551202e-05,0.09561863431434023,0.06991310112112471,0.16553173543546496,0.16555513515549047,2015
BZ,2.679125986086049,0.9177847687415981,0.02558100439421329,0.9433657731358114,3.62249175922186,2015
CA,0.826149982784718,0.7422999639010189,2.8466439445106584,3.5889439084116774,4.4150938911963955,2015
CD,0.006387519074811764,0.005507485352320329,0.026918428364001247,0.03242591371632157,0.038813432791133334,2015
CF,0.0,0.01365232906776805,0.003988981873058651,0.0176413109408267,0.0176413109408267,2015
CG,0.12250381553599944,0.08813927392998248,0.04079944474773427,0.12893871867771675,0.2514425342137162,2015
CH,0.04191088436967268,2.5355893709438058,1.852339119034764,4.38792848997857,4.4298393743482425,2015
CI,0.002709699488345678,0.030203147846131526,0.07103726093227039,0.10124040877840192,0.1039501082667476,2015
CK,4.003152585119798,8.218560128396193,0.02620962656813486,8.244769754964327,12.247922340084125,2015
CL,0.43796953892825236,0.19824237261135474,0.16967457855984952,0.36791695117120427,0.8058864900994567,2015
CM,0.009845403681539158,0.0305836374104517,0.09167003504823727,0.12225367245868897,0.13209907614022812,2015
CN,0.25178833277380974,0.039034870727260085,5.779573610904097,5.818608481631357,6.070396814405167,2015
CO,0.3847562504870136,0.1006587830429419,0.24230947671610387,0.34296825975904577,0.7277245102460594,2015
CR,0.0760903089597882,0.5099218810644499,0.13055940529037036,0.6404812863548203,0.7165715953146085,2015
CU,0.04089067698418386,0.2682287213624685,0.16946989653416783,0.43769861789663633,0.4785892948808202,2015
CV,0.675171840419677,0.9298489053345668,0.055794203096117045,0.9856431084306838,1.6608149488503607,2015
CY,0.00489544092588614,3.5075801433699985,0.23790746409646393,3.7454876074664623,3.7503830483923486,2015
CZ,0.0009101692673493712,0.5470576229597918,0.44458076868293883,0.9916383916427306,0.9925485609100799,2015
DE,0.19460150796411443,0.7949633365030998,5.920821807544411,6.715785144047511,6.910386652011626,2015
DJ,0.0,0.2054261780453645,0.022342251601202148,0.22776842964656666,0.22776842964656666,2015
DK,0.24981117057354002,1.9311812848705445,1.3250679703494923,3.2562492552200366,3.5060604257935766,2015
DM,0.0,0.8100411873313449,0.2713170253799922,1.081358212711337,1.081358212711337,2015
DO,0.0019478996732960358,0.5218558924156783,0.21728295844235496,0.7391388508580332,0.7410867505313292,2015
DZ,0.04958451659938327,0.10395831994924279,0.15478526645306345,0.2587435864023062,0.3083281030016895,2015
EC,0.18171388874800393,0.12099371550559512,0.08184779773628192,0.20284151324187705,0.384555401989881,2015
EE,0.025780175509061476,0.8196369019364418,0.1300089841819295,0.9496458861183713,0.9754260616274328,2015
EG,0.016209227752282788,0.10725665751200468,0.8857986791530078,0.9930553366650124,1.0092645644172953,2015
ER,0.0,0.04365287134693867,0.008472975656477363,0.052125847003416034,0.052125847003416034,2015
ES,0.5307624809232073,1.259537817986352,3.764011440401185,5.023549258387536,5.5543117393107435,2015
ET,0.010850477495605106,0.013239029007963199,0.17063402555381818,0.18387305456178138,0.1947235320573865,2015
FI,0.3346858360229486,1.0141253619255588,0.5981446518411488,1.6122700137667076,1.9469558497896562,2015
FJ,0.21032617807088783,0.9565045102321197,1.5395564824155816,2.4960609926477013,2.706387170718589,2015
FM,0.3314231575849001,0.3846443945693367,0.5058151481288444,0.8904595426981812,1.2218827002830812,2015
FR,0.28534444704334516,0.7052355819958785,5.0283295192543065,5.733565101250185,6.0189095482935295,2015
GA,0.05931732116145653,0.19515636781971876,0.06253872739095132,0.2576950952106701,0.3170124163721266,2015
GB,0.2562984584009296,1.304096671092444,11.833841191692994,13.137937862785437,13.394236321186366,2015
GD,0.0,1.864984826816422,0.21318409507629077,2.0781689218927126,2.0781689218927126,2015
GE,0.004791942552602838,0.3191116193727511,0.07536331110057824,0.3944749304733294,0.3992668730259322,2015
GH,0.02915099727251831,0.033931094671228124,0.06499565774038993,0.09892675241161805,0.12807774968413638,2015
GM,0.0,0.056164248701635264,0.010035261183747216,0.06619950988538248,0.06619950988538248,2015
GN,0.0,0.015144041804799325,0.01016530409114333,0.025309345895942657,0.025309345895942657,2015
GQ,0.18867986819109403,0.16866436530682846,0.016950505543748023,0.18561487085057649,0.37429473904167054,2015
GR,0.5251257242695664,1.117978427306707,1.1510262587205133,2.2690046860272206,2.7941304102967868,2015
GT,0.006684993616538909,0.07775575903018225,0.08648023917215884,0.16423599820234108,0.17092099181887999,2015
GW,0.0,0.03171530673019654,0.008872488389589973,0.04058779511978651,0.04058779511978651,2015
GY,1.0543226569985279e-05,0.4679505680822266,0.33833085572656435,0.806281423808791,0.806291967035361,2015
HK,0.0,3.1889871728562484,1.3204996889525689,4.509486861808817,4.509486861808817,2015
HN,0.027719015448769962,0.08961217584566061,0.052246548538877044,0.14185872438453767,0.16957773983330762,2015
HR,0.055937192857661876,0.7002032636920946,0.20750592905476897,0.9077091927468636,0.9636463856045254,2015
HT,0.003226287108098436,0.059265766196387,0.03306917354193551,0.09233493973832252,0.09556122684642096,2015
HU,0.0,0.5113519773079365,0.4077209285627656,0.9190729058707021,0.9190729058707021,2015
ID,0.30474062971815474,0.058162302062218674,1.3672802760356764,1.425442578097895,1.7301832078160497,2015
IE,0.00993367977412803,2.5665846604147977,0.6778063339112733,3.244390994326071,3.2543246741001988,2015
IL,0.07998886861739883,0.8494563702950537,0.4300700032788519,1.2795263735739058,1.3595152421913046,2015
IN,0.04953323760146479,0.019026134712162523,3.0000469833839634,3.019073118096126,3.068606355697591,2015
IQ,0.0013757791622451374,0.05126165139185721,0.16933961357002203,0.22060126496187923,0.22197704412412436,2015
IR,0.08007794831434308,0.04548587533270955,0.3301472803603805,0.37563315569309,0.4557111040074331,2015
IS,0.8170097174212575,4.361629481012352,0.09463913494975851,4.456268615962111,5.273278333383368,2015
IT,0.4109431802221222,0.7704278257500135,4.631437782318031,5.401865608068045,5.812808788290167,2015
JM,0.006371733581109097,0.8765956095447904,0.36177094674872395,1.2383665562935144,1.2447382898746235,2015
JO,0.0042578474464806705,0.3239497946982047,0.31568354693033784,0.6396333416285425,0.6438911890750232,2015
JP,0.6601659503853173,0.27239920226199665,4.187358300754798,4.459757503016794,5.119923453402111,2015
KE,0.03993569473803448,0.04320555712446807,0.19240005390173498,0.23560561102620306,0.2755413057642375,2015
KG,0.10338240571873955,0.18023113416758277,0.023181828153924833,0.2034129623215076,0.30679536804024715,2015
KH,0.03330440209303442,0.19036455282991693,0.12873282149658838,0.3190973743265053,0.35240177641953974,2015
KI,0.0,0.20451140692548048,0.45836158168947444,0.6628729886149549,0.6628729886149549,2015
KM,0.0,0.10019650961493473,0.010493782640947193,0.11069029225588192,0.11069029225588192,2015
KN,0.08775245821564338,2.6923354641408457,0.29333963470966523,2.985675098850511,3.0734275570661542,2015
KP,0.0,0.0023408086301849244,0.0008675479728121662,0.0032083566029970905,0.0032083566029970905,2015
KR,0.31989655874190276,0.5268957980313476,2.136277534181159,2.663173332212507,2.9830698909544098,2015
KW,0.0,1.467468640906893,0.5025961699835343,1.9700648108904275,1.9700648108904275,2015
KZ,0.19238058436635933,0.1252200197863668,0.12476255602510325,0.24998257581147004,0.4423631601778294,2015
LA,0.0570916300394978,0.1158588841375873,0.021332412377164545,0.13719129651475184,0.19428292655424964,2015
LB,0.0,0.5135156305885744,0.33254581392177585,0.8460614445103503,0.8460614445103503,2015
LC,0.0,2.2402732912152308,0.4425236902555286,2.6827969814707595,2.6827969814707595,2015
LK,0.0009296376879656213,0.1524340736579906,0.8167487723415597,0.9691828459995504,0.970112483687516,2015
LR,0.0,0.01754548999652533,0.004481390811245305,0.022026880807770634,0.022026880807770634,2015
LS,0.0,0.015323014408356504,0.0033477872299626384,0.01867080163831914,0.01867080163831914,2015
LT,0.0009137011815137086,0.7125936586728999,0.24422450784590466,0.9568181665188046,0.9577318677003183,2015
LU,0.0,2.3888832312619392,0.11664105372361538,2.5055242849855546,2.5055242849855546,2015
LV,0.0,1.0099480905440055,0.20271343363566205,1.2126615241796674,1.2126615241796674,2015
LY,0.030236906442141154,0.10235678606525993,0.03371498743680516,0.1360717735020651,0.16630867994420626,2015
MA,0.017065563771736996,0.2075722526516439,0.3520455196055043,0.5596177722571481,0.5766833360288851,2015
MC,0.0,1.1767010365372583,0.0010360466265088963,1.1777370831637672,1.1777370831637672,2015
MD,0.0,0.2787284114817514,0.03970813914511871,0.31843655062687015,0.31843655062687015,2015
ME,3.8207738659067575e-05,1.0412739096864576,0.048075519963440394,1.089349429649898,1.0893876373885572,2015
MG,0.009615403523429818,0.011382640186682485,0.12000382527735104,0.13138646546403351,0.14100186898746334,2015
MH,0.2815573770491803,0.7809426229508196,0.34602970927093263,1.1269723322217522,1.4085297092709326,2015
MK,0.0015173962792736292,0.3554913586680442,0.052932928588335475,0.4084242872563797,0.4099416835356533,2015
ML,0.0,0.01957357980859701,0.025909405699051875,0.045482985507648885,0.045482985507648885,2015
MM,0.04884476628419206,0.03806498205799691,0.1129479580529162,0.1510129401109131,0.19985770639510514,2015
MN,0.042165598419096624,0.13693312270747848,0.012624136887795831,0.14955725959527433,0.19172285801437094,2015
MO,0.0,4.7212634949106285,0.06198086969351974,4.7832443646041485,4.7832443646041485,2015
MR,0.007944610622550561,0.047556971718567945,0.010136701414099464,0.057693673132667406,0.06563828375521796,2015
MT,0.0,4.883410490359117,0.13409516747550387,5.017505657834621,5.017505657834621,2015
MU,0.10880191909616761,0.9317126772552281,0.16898016446608444,1.1006928417213127,1.2094947608174802,2015
MV,2.4694362308888858,3.9284579847438073,0.08422863980091577,4.012686624544723,6.482122855433609,2015
MW,0.006959901348428942,0.016800359273579535,0.01753697048175912,0.03433732975533865,0.041297231103767595,2015
MX,0.25056768143162317,0.155955648519654,0.4342848980322305,0.5902405465518845,0.8408082279835076,2015
MY,0.6723027504612299,0.5521507871308874,1.495491934366639,2.0476427214975264,2.719945471958756,2015
MZ,0.01995237078554679,0.016684237639509922,0.02955634322990147,0.04624058086941139,0.06619295165495818,2015
NA,0.021534768142189277,0.21701975319041403,0.0232041729091887,0.24022392609960272,0.261758694241792,2015
NE,0.0006346197883216518,0.007496176684087032,0.010394396172886265,0.0178905728569733,0.01852519264529495,2015
NG,0.018765551782103915,0.012285377500713561,0.13313272758565353,0.1454181050863671,0.16418365686847103,2015
NI,0.0,0.12025156205864718,0.050683596253886576,0.17093515831253375,0.17093515831253375,2015
NL,0.0018679599680442999,1.0632802127589804,1.6249452275085363,2.6882254402675168,2.690093400235561,2015
NO,2.652866571569343,2.1017540080284856,1.3281980936791222,3.429952101707608,6.08281867327695,2015
NP,0.029028132886619498,0.06900667055329125,0.22239751201224017,0.2914041825655314,0.3204323154521509,2015
NR,0.0,2.8508307467591747,0.0901519962887871,2.940982743047962,2.940982743047962,2015
NU,0.0,7.318718381112985,0.0030152349171911333,7.321733616030176,7.321733616030176,2015
NZ,2.0607792018645745,1.2031250778874596,13.916411689977728,15.119536767865188,17.18031596972976,2015
OM,0.09933176340147123,0.830405780790199,0.3282062006567309,1.15861198144693,1.2579437448484012,2015
PA,0.09351735527590034,0.522599926515801,0.1555685603467321,0.6781684868625331,0.7716858421384334,2015
PE,0.2887257695944526,0.1074497333998739,0.1440990130486176,0.2515487464484915,0.5402745160429441,2015
PG,0.21388292174325188,0.039928877673120505,0.06729559426623419,0.10722447193935469,0.32110739368260655,2015
PH,0.2004760818114445,0.09821524204724896,1.5942776188170624,1.6924928608643115,1.8929689426757559,2015
PK,0.014577473158767887,0.029897333658022524,0.568409563099345,0.5983068967573675,0.6128843699161354,2015
PL,0.024873652581223267,0.3065064745979976,1.0540414825639648,1.3605479571619625,1.3854216097431857,2015
PT,0.2396764712036826,1.3310217567204392,1.1977087461482094,2.5287305028686484,2.768406974072331,2015
PW,0.0,6.258581879572313,0.025537319871092326,6.284119199443405,6.284119199443405,2015
PY,0.0016065651118352786,0.08243424407742492,0.023087507345531232,0.10552175142295615,0.10712831653479143,2015
QA,0.0,2.2620455397494363,0.6277213141926035,2.8897668539420396,2.8897668539420396,2015
RO,0.019101989686588293,0.28534716815478867,0.3804757738989228,0.6658229420537114,0.6849249317402997,2015
RS,2.8283801616022175e-05,0.308650816684322,0.4460022219521979,0.7546530386365199,0.7546813224381359,2015
RU,0.24313440666454814,0.1432433314438246,2.664487942372059,2.8077312738158833,3.0508656804804315,2015
RW,0.0010273176459632122,0.027172457234187354,0.024656297697454782,0.051828754931642136,0.05285607257760535,2015
SA,0.47188811533154795,0.6665258156664076,1.0719015582108173,1.738427373877225,2.2103154892087726,2015
SB,0.18335040623069523,0.12693008453039104,0.05122758919941536,0.1781576737298064,0.3615080799605016,2015
SC,1.1425347384127575,3.6179147626597037,0.03267226699788006,3.6505870296575837,4.793121768070341,2015
SD,0.009459222307014875,0.03812341421859528,0.11803265916526029,0.15615607338385556,0.16561529569087044,2015
SE,0.6471072654656644,1.202148542137227,1.4018659950057237,2.604014537142951,3.2511218026086155,2015
SG,0.0,3.8223097583135157,1.212857697220961,5.035167455534477,5.035167455534477,2015
SI,4.854493829210169e-07,0.2914725475946711,0.07917831885341228,0.3706508664480834,0.37065135189746634,2015
SK,0.0021522881298708294,0.14382306590178584,0.04200459503506214,0.185827660936848,0.18797994906671883,2015
SL,0.0,0.01133644658625636,0.004389584823141392,0.015726031409397753,0.015726031409397753,2015
SN,0.0024574240423535956,0.0685908562336355,0.11514418214206602,0.18373503837570154,0.18619246241805515,2015
SO,0.002947570515864313,0.014715689850426206,0.025188422553702246,0.03990411240412845,0.042851682919992765,2015
SR,0.0,0.3897807357636424,0.04581052143541403,0.43559125719905645,0.43559125719905645,2015
SS,0.0,0.022186056670221603,0.009706269014483534,0.03189232568470514,0.03189232568470514,2015
ST,0.018083688233620082,0.2607406223944161,0.01570226290161368,0.2764428852960298,0.29452657352964984,2015
SV,0.0,0.16456699865905006,0.05891069893291198,0.22347769759196204,0.22347769759196204,2015
SY,9.575477880697576e-06,0.002505428935590908,0.004374029359408653,0.006879458294999561,0.006889033772880258,2015
SZ,0.0,0.025502882363853376,0.0027488007196836495,0.028251683083537024,0.028251683083537024,2015
TD,0.0,0.012225056888077596,0.009403124067514772,0.021628180955592366,0.021628180955592366,2015
TG,0.0,0.023132384973580212,0.013979217083016564,0.037111602056596776,0.037111602056596776,2015
TH,0.34324247408892966,0.3818117020087454,2.2231496453637645,2.6049613473725097,2.9482038214614392,2015
TJ,0.0018814554642381165,0.12446158188953059,0.02030293645099971,0.1447645183405303,0.14664597380476843,2015
TL,0.0,0.08129572635671974,0.005241691296558881,0.08653741765327862,0.08653741765327862,2015
TM,0.08862892288485578,0.08041529850686237,0.01551263905359776,0.09592793756046013,0.1845568604453159,2015
TN,0.013251666511141997,0.25247661341642325,0.24375684972272268,0.49623346313914596,0.5094851296502879,2015
TO,0.08127621471322871,1.016004524247137,0.03897569016198893,1.0549802144091258,1.1362564291223545,2015
TR,0.3652557234009862,0.3040897252446084,2.57966069498169,2.8837504202262982,3.2490061436272843,2015
TT,0.48559601675916675,0.6465853337699449,1.2416601913697738,1.8882455251397188,2.3738415418988854,2015
TV,0.0,0.5884338228587066,0.006839841237373441,0.5952736640960801,0.5952736640960801,2015
TW,0.08896928903908301,0.9130199367986762,2.674507161399532,3.5875270981982084,3.6764963872372913,2015
TZ,0.022862110854466704,0.023132367294553306,0.13511031282336491,0.15824268011791823,0.18110479097238494,2015
UA,0.004959736066671419,0.1091382406984172,0.32977408437352096,0.43891232507193817,0.4438720611386096,2015
UG,0.00035143863095495975,0.01856070240405872,0.04949351337252882,0.06805421577658755,0.06840565440754251,2015
US,1.4846544008351459,0.2977569896750829,17.299403803622596,17.59716079329768,19.081815194132826,2015
UY,8.016586614616257e-06,0.31702690336776806,0.03694636149735744,0.3539732648651255,0.35398128145174007,2015
UZ,0.014691401891929669,0.04813741404451332,0.04001036751698409,0.08814778156149741,0.10283918345342707,2015
VC,0.0,0.9646970830216903,0.3298759179095937,1.2945730009312841,1.2945730009312841,2015
VE,0.17649833001744097,0.06007587107098808,0.21480410542236528,0.2748799764933534,0.45137830651079436,2015
VN,0.2056222247929382,0.09657521810213635,0.7467557171434495,0.8433309352455858,1.048953160038524,2015
VU,0.6515345677017373,0.48643560151972365,0.04488073008492033,0.531316331604644,1.1828508993063813,2015
WS,0.011705702193456305,0.8356890109127673,0.08060641109476158,0.9162954220075288,0.9280011242009851,2015
YE,0.007615588231074824,0.01851846919028778,0.054633384156072766,0.07315185334636054,0.08076744157743536,2015
ZA,0.2115114048688466,0.0980609160532426,0.8361129658540759,0.9341738819073185,1.145685286776165,2015
ZM,0.0093326525638101,0.032786821267937506,0.0341985605012942,0.06698538176923172,0.07631803433304182,2015
ZW,0.013590445400667393,0.04432289907648531,0.035706019627049515,0.08002891870353482,0.09361936410420221,2015
AE,0.003797085840981265,3.288368245240521,3.0486105153740515,6.336978760614572,6.3407758464555535,2016
AF,0.014572480738956419,0.017409894672751013,0.030529038132810455,0.04793893280556147,0.06251141354451789,2016
AG,0.07628183040825173,4.025664395514011,0.8236431493999287,4.849307544913939,4.925589375322191,2016
AL,0.0,0.39493958657853745,0.04619261744938747,0.4411322040279249,0.4411322040279249,2016
AM,4.3168543698900095e-05,0.3692657784453294,0.038418141551239425,0.4076839199965688,0.4077270885402677,2016
AO,0.028472021620754774,0.029560769309054873,0.1315436577272376,0.1611044270362925,0.18957644865704726,2016
AR,0.20969019059157962,0.14467495937899122,0.2884258196179758,0.43310077899696703,0.6427909695885466,2016
AT,0.019390895883056772,1.2177878818917327,0.9508187617804057,2.1686066436721383,2.187997539555195,2016
AU,2.1989532413181228,0.7894624007443007,6.849265690382492,7.638728091126792,9.837681332444914,2016
AZ,0.0036438427680680245,0.14569027610071228,0.0700083999975261,0.2156986760982384,0.21934251886630643,2016
BA,0.0,0.18747262815494256,0.05727870349470136,0.2447513316496439,0.2447513316496439,2016
BB,0.0,2.6749690627257703,1.0931812750981194,3.7681503378238896,3.7681503378238896,2016
BD,0.008719004756438099,0.025067163548535696,0.43607437531878024,0.46114153886731596,0.46986054362375407,2016
BE,0.00048576239680196275,1.1854875549968185,1.1373616316494493,2.322849186646268,2.32333494904307,2016
BF,0.000176779180563848,0.013776518428686511,0.015198507579937933,0.028975026008624442,0.02915180518918829,2016
BG,0.017646182342761784,0.4553417120383016,0.26663293573768826,0.7219746477759899,0.7396208301187517,2016
BH,0.0,2.1264140279406045,0.31090287639029923,2.4373169043309035,2.4373169043309035,2016
BI,0.0,0.008294177357951023,0.006971043768155846,0.015265221126106869,0.015265221126106869,2016
BJ,0.0,0.03191101401437975,0.05479962480661439,0.08671063882099414,0.08671063882099414,2016
BN,0.0,1.4994924736413733,0.032330545590706264,1.5318230192320796,1.5318230192320796,2016
BO,0.24467067142992588,0.07441203146327108,0.03420626069406635,0.10861829215733743,0.3532889635872633,2016
BR,0.3766779569659819,0.04860854087052502,0.5671391212463013,0.6157476621168263,0.9924256190828082,2016
BS,2.1490119982682914,4.42659564598924,0.07145123029019951,4.498046876279439,6.64705887454773,2016
BT,0.00807497599837404,0.12468677543838066,0.00232644662890796,0.12701322206728863,0.13508819806566266,2016
BW,0.04456822518230015,0.1233125825586099,0.02053341790420156,0.14384600046281146,0.18841422564511162,2016
BY,8.948250059163724e-06,0.10300393807221427,0.07461427432507478,0.17761821239728903,0.1776271606473482,2016
BZ,2.775728328374988,1.0202602103069602,0.027915692227364453,1.0481759025343247,3.8239042309093128,2016
CA,0.8357670434875825,0.7673788350083787,3.011611125775513,3.7789899607838917,4.614757004271474,2016
CD,0.0055608734603544,0.005669679916656756,0.02834684170593882,0.03401652162259557,0.039577395082949975,2016
CF,0.0,0.02033789425805488,0.005399602523645467,0.025737496781700345,0.025737496781700345,2016
CG,0.08731313675961257,0.08391861731541918,0.03789758737860417,0.12181620469402335,0.20912934145363593,2016
CH,0.04099463384701503,2.6437118480564723,1.9700332899821331,4.613745138038605,4.6547397718856205,2016
CI,0.0030572843048927052,0.03143623334200994,0.07367585166701535,0.10511208500902529,0.10816936931391799,2016
CK,4.235979690745442,9.825871220863144,0.0351017244909988,9.860972945354142,14.096952636099584,2016
CL,0.4671247476559242,0.20500885164744004,0.1554772357826168,0.36048608743005683,0.827610835085981,2016
CM,0.014004380715217228,0.03347977358900196,0.10272298732720771,0.13620276091620967,0.1502071416314269,2016
CN,0.2723227130419994,0.04381803900923853,5.781400737872858,5.825218776882096,6.097541489924096,2016
CO,0.39546658770805687,0.10557564654739904,0.27686901807967257,0.3824446646270716,0.7779112523351285,2016
CR,0.07429672253820528,0.5928708004400248,0.1534477196109969,0.7463185200510217,0.820615242589227,2016
CU,0.05809067452349682,0.32331958530082516,0.19385872056247033,0.5171783058632955,0.5752689803867923,2016
CV,0.721828334185276,1.1129695602804779,0.06548434352268995,1.1784539038031678,1.9002822379884439,2016
CY,0.003285070389746442,3.8138850807364255,0.27197150039329215,4.085856581129717,4.089141651519464,2016
CZ,0.00048101262938252256,0.6077900308660849,0.4934530801885634,1.1012431110546483,1.101724123684031,2016
DE,0.2069480291360685,0.8478907142961231,6.681063493912582,7.528954208208705,7.7359022373447734,2016
DJ,0.0,0.1968056758858694,0.015000355988499409,0.2118060318743688,0.2118060318743688,2016
DK,0.2538210513213485,2.1607708947364106,1.4755695739763937,3.6363404687128043,3.8901615200341526,2016
DM,0.0,1.0429991667384995,0.2734375647043801,1.3164367314428795,1.3164367314428795,2016
DO,0.0007237881500422218,0.5353396648605923,0.2749332435607391,0.8102729084213314,0.8109966965713736,2016
DZ,0.05789183010992634,0.11125066801146548,0.16240057881844,0.2736512468299055,0.3315430769398318,2016
EC,0.16459994671962472,0.12725351782859876,0.08552521800033322,0.21277873582893198,0.37737868254855667,2016
EE,0.007053240911381169,0.895522966540994,0.14223706157328167,1.0377600281142756,1.0448132690256569,2016
EG,0.012975152076221194,0.10289934863133739,0.9094063223196972,1.0123056709510345,1.0252808230272557,2016
ER,0.0,0.058772719795641054,0.012245596765082183,0.07101831656072324,0.07101831656072324,2016
ES,0.579526345655814,1.4497801553432386,4.25058932479149,5.700369480134729,6.279895825790542,2016
ET,0.013171534944539244,0.01336637525672528,0.18589699351717553,0.19926336877390083,0.21243490371844007,2016
FI,0.30140393840816865,1.0332406569848727,0.6424815935146724,1.675722250499545,1.9771261889077136,2016
FJ,0.21932055798408556,1.0362067352360727,1.6297721193354393,2.665978854571512,2.8852994125555975,2016
FM,0.4452206758714267,0.41763389992115435,0.6596268432727916,1.077260743193946,1.5224814190653728,2016
FR,0.29496925300815346,0.7438786065173989,6.257356031847378,7.001234638364776,7.2962038913729295,2016
GA,0.08335832969100693,0.1910421624277605,0.0588437012027648,0.2498858636305253,0.3332441933215322,2016
GB,0.2640728220285875,1.4649178298061545,13.292406338332755,14.75732416813891,15.021396990167498,2016
GD,0.0,1.808972465908104,0.22262291824735467,2.0315953841554584,2.0315953841554584,2016
GE,0.0012091062977165163,0.38450054943794354,0.09456200392948161,0.47906255336742515,0.4802716596651417,2016
GH,0.021143660968918145,0.036028963976997175,0.07986075073236087,0.11588971470935805,0.1370333756782762,2016
GM,0.0,0.07098438108916397,0.008406323193005641,0.07939070428216961,0.07939070428216961,2016
GN,0.0,0.018032341508304045,0.011594978908439418,0.029627320416743465,0.029627320416743465,2016
GQ,0.21185649515378077,0.15409903022571483,0.02143668260904441,0.17553571283475924,0.38739220798854,2016
GR,0.5800783889087694,1.2691738595243436,1.3208526279316266,2.59002648745597,3.1701048763647397,2016
GT,0.006827625461313585,0.08485360900277587,0.09483551388179835,0.17968912288457423,0.1865167483458878,2016
GW,0.0,0.03191561952581291,0.008803339614747408,0.04071895914056032,0.04071895914056032,2016
GY,1.1787078219051061e-05,0.4592049222838643,0.290371276065032,0.7495761983488962,0.7495879854271152,2016
HK,0.0,3.2801954910967996,1.2738541701037291,4.554049661200529,4.554049661200529,2016
HN,0.023301439168414366,0.09185657612633574,0.05204282342850939,0.14389939955484513,0.1672008387232595,2016
HR,0.061198701106554315,0.798538793224325,0.23872160559812214,1.0372603988224471,1.0984590999290014,2016
HT,0.005097335818342331,0.06726119966561266,0.05201932785352549,0.11928052751913815,0.12437786333748048,2016
HU,0.0,0.5988957581505263,0.5070579025121951,1.1059536606627214,1.1059536606627214,2016
ID,0.3375580757092978,0.0593315504442552,1.5431873617149643,1.6025189121592196,1.9400769878685173,2016
IE,0.010208892263242498,2.901872997660883,0.7668159230342785,3.6686889206951614,3.678897812958404,2016
IL,0.07920298718417502,0.9106106621602957,0.4954664751099818,1.4060771372702776,1.4852801244544527,2016
IN,0.05913424256982746,0.020398151978168,3.157100027724483,3.177498179702651,3.2366324222724785,2016
IQ,0.01140686911261188,0.06900576394982982,0.23855628244884283,0.3075620463986727,0.3189689155112846,2016
IR,0.10548409475524263,0.05169614390873849,0.3515053629724972,0.4032015068812357,0.5086856016364784,2016
IS,0.8520981959269789,6.202560389064708,0.12141605352361029,6.323976442588318,7.176074638515297,2016
IT,0.42922249534033863,0.852331952122774,5.11865075478567,5.970982706908444,6.400205202248783,2016
JM,0.004031082790760574,0.8998905660847394,0.3750899106760741,1.2749804767608135,1.279011559551574,2016
JO,0.006113108395195618,0.32941769269682913,0.31426737991482634,0.6436850726116554,0.649798181006851,2016
JP,0.6424280078560269,0.3073913971545963,4.4987852789785,4.806176676133096,5.448604683989123,2016
KE,0.03795909599495319,0.04422797763516827,0.20434545238535062,0.2485734300205189,0.2865325260154721,2016
KG,0.10338314292533865,0.1801600795748586,0.0235384287101372,0.2036985082849958,0.3070816512103345,2016
KH,0.02814562194458608,0.20446693244090655,0.13790635989779043,0.34237329233869696,0.37051891428328304,2016
KI,0.0,0.196618781545941,0.20735376506405206,0.40397254660999304,0.40397254660999304,2016
KM,0.01585728711234784,0.10184552289815448,0.008070813189264184,0.10991633608741866,0.1257736231997665,2016
KN,0.07035730976759995,2.9366104431320896,0.3213983337973552,3.258008776929445,3.328366086697045,2016
KP,0.0,0.0024059932931039946,0.0004305117084539625,0.002836505001557957,0.002836505001557957,2016
KR,0.31956246733902377,0.6106960373126049,2.175353174313909,2.786049211626514,3.1056116789655377,2016
KW,0.0,1.4974444120599277,0.5068925866740679,2.0043369987339954,2.0043369987339954,2016
KZ,0.20243841076913024,0.11969434097889306,0.11218771297766147,0.23188205395655453,0.43432046472568475,2016
LA,0.07276442428079427,0.13403105198267368,0.025111098682034302,0.159142150664708,0.23190657494550226,2016
LB,0.0,0.5849734147706964,0.34585859806652347,0.9308320128372198,0.9308320128372198,2016
LC,0.0,2.2094098356922447,0.500804361861329,2.7102141975535736,2.7102141975535736,2016
LK,0.0004264112647422921,0.1696368343388357,0.8520427792712546,1.0216796136100903,1.0221060248748326,2016
LR,0.0,0.026975520269963377,0.00613565512255991,0.033111175392523284,0.033111175392523284,2016
LS,0.0,0.02440126885659273,0.003646040029617173,0.028047308886209904,0.028047308886209904,2016
LT,0.0007936258979265347,0.8161510015300912,0.2869599746568988,1.10311097618699,1.1039046020849166,2016
LU,0.0,2.7373977302718395,0.13333347633048553,2.870731206602325,2.870731206602325,2016
LV,0.0,1.0238567695803227,0.1916811814255606,1.2155379510058832,1.2155379510058832,2016
LY,0.05582568847455552,0.11209949871278083,0.04578332506270058,0.1578828237754814,0.21370851225003692,2016
MA,0.01738720423857645,0.20610292696120777,0.3384978499919075,0.5446007769531153,0.5619879811916917,2016
MC,0.0,2.022159029938835,0.0014694828285960878,2.0236285127674307,2.0236285127674307,2016
MD,0.0,0.30314930474267354,0.04729657491098,0.35044587965365354,0.35044587965365354,2016
ME,4.0048185977367966e-05,1.1100812497597108,0.05075709836301164,1.1608383481227225,1.1608783963087,2016
MG,0.008745035239911552,0.012028987639517494,0.11134373920753898,0.12337272684705648,0.13211776208696804,2016
MH,0.33739965205726385,0.8776541113835964,0.30927394092974747,1.1869280523133439,1.5243277043706076,2016
MK,0.0,0.41577323545742806,0.062126967311706305,0.47790020276913436,0.47790020276913436,2016
ML,0.0,0.01946471651799939,0.025822227042555112,0.0452869435605545,0.0452869435605545,2016
MM,0.06986847988227987,0.04362490799231067,0.1204335164610689,0.16405842445337956,0.23392690433565944,2016
MN,0.02889294043827767,0.13489587649614643,0.012668112222478198,0.14756398871862464,0.1764569291569023,2016
MO,0.0,4.834707525634073,0.5700488163427099,5.404756341976783,5.404756341976783,2016
MR,0.006861844990133743,0.04671080707551602,0.01005378743188567,0.056764594507401685,0.06362643949753542,2016
MT,0.0,5.370095482011733,0.13845691989021675,5.50855240190195,5.50855240190195,2016
MU,0.13121118312931615,0.9951114837169444,0.18979606427548393,1.1849075479924283,1.3161187311217444,2016
MV,2.538742815378924,3.8104884188870947,0.0811484488582872,3.891636867745382,6.430379683124306,2016
MW,0.0054131115629409915,0.01574661748873246,0.013415930417945844,0.029162547906678306,0.034575659469619296,2016
MX,0.27982644772429915,0.16654346966311617,0.4624426677408035,0.6289861374039196,0.9088125851282187,2016
MY,0.6590006789938309,0.5616235266250674,1.581572407676345,2.1431959343014126,2.8021966132952434,2016
MZ,0.017129904574752886,0.015544989127414921,0.02633062486830435,0.04187561399571927,0.059005518570472155,2016
NA,0.020747675582247226,0.21895668807931087,0.02477519375850361,0.2437318818378145,0.26447955742006174,2016
NE,0.0004885971518658277,0.007510434838896123,0.010149529051757734,0.017659963890653857,0.018148561042519686,2016
NG,0.015397380422085747,0.011543063296488965,0.12668778904175046,0.13823085233823942,0.15362823276032517,2016
NI,0.0,0.12658419366608126,0.056918567723736116,0.18350276138981736,0.18350276138981736,2016
NL,0.0007812984515329625,1.1838333296618544,1.9587097304881693,3.1425430601500235,3.1433243586015562,2016
NO,2.5803065059607717,2.0766738547470447,1.3539668305976873,3.430640685344732,6.010947191305504,2016
NP,0.019039141617477114,0.07110148993423898,0.2044151057425252,0.2755165956767642,0.2945557372942413,2016
NR,0.0,2.883856502242152,0.041264846878008195,2.92512134912016,2.92512134912016,2016
NU,0.0,6.752525252525253,0.0031165420595602633,6.755641794584813,6.755641794584813,2016
NZ,2.2392369086933193,1.3288463700244124,15.164353402895985,16.4931997729204,18.732436681613716,2016
OM,0.09717261494685459,0.8611568941694336,0.3034706197714922,1.164627513940926,1.2618001288877805,2016
PA,0.12319965371798963,0.524661672647345,0.16933802707885215,0.6939996997261971,0.8171993534441868,2016
PE,0.3283275709900839,0.10760188701703532,0.14179076138547253,0.24939264840250785,0.5777202193925918,2016
PG,0.19705507359191618,0.04099314439485824,0.0599304575516352,0.10092360194649344,0.2979786755384096,2016
PH,0.1893303684027275,0.10771689278637825,1.6918040274209996,1.7995209202073779,1.9888512886101053,2016
PK,0.013858034311968779,0.03375579711913573,0.6018098028060133,0.635565599925149,0.6494236342371178,2016
PL,0.028710644530726796,0.34657685380481773,1.26458609093121,1.6111629447360278,1.6398735892667546,2016
PT,0.3060732786333219,1.5375013579639316,1.4077877842429785,2.94528914220691,3.251362420840232,2016
PW,0.0,7.195538573916954,0.040707808433285475,7.23624638235024,7.23624638235024,2016
PY,0.011072428368383035,0.0939318554306634,0.028683287799939644,0.12261514323060305,0.1336875715989861,2016
QA,0.0,2.2571751946239322,0.5960134432507144,2.8531886378746467,2.8531886378746467,2016
RO,0.03288675343963061,0.34525046226558254,0.42725460496235856,0.7725050672279411,0.8053918206675718,2016
RS,2.343503436600444e-05,0.34189469867246847,0.4665142200381676,0.808408918710636,0.808432353745002,2016
RU,0.24843685472601731,0.13119339119808301,2.3471077892148786,2.4783011804129615,2.726738035138979,2016
RW,0.0025087289959387317,0.027422517130578496,0.028040493691919313,0.05546301082249781,0.05797173981843654,2016
SA,0.5269254889541598,0.7285965522019019,1.186843660108451,1.915440212310353,2.442365701264513,2016
SB,0.1820697547321922,0.12954536533520142,0.1828465794036521,0.3123919447388535,0.4944616994710457,2016
SC,1.5596925906702725,3.803789803407363,0.032774158806774256,3.836563962214137,5.3962565528844095,2016
SD,0.01197790338375098,0.04019760885462328,0.12482515423291388,0.16502276308753716,0.17700066647128815,2016
SE,0.7081765303407744,1.2702902669278706,1.528367923104756,2.7986581900326266,3.506834720373401,2016
SG,0.0,3.9355644477431593,1.1928447257339667,5.1284091734771255,5.1284091734771255,2016
SI,0.0,0.29492479041881303,0.08032723611388586,0.3752520265326989,0.3752520265326989,2016
SK,0.002375232138359345,0.18436138758072904,0.056829296257967,0.24119068383869605,0.2435659159770554,2016
SL,0.0,0.018671738469088428,0.007940394441930912,0.02661213291101934,0.02661213291101934,2016
SN,0.000513085885016615,0.07220855737329825,0.10556895826413215,0.17777751563743038,0.178290601522447,2016
SO,0.0024199337363420064,0.012677698529626993,0.017480814192502348,0.03015851272212934,0.03257844645847135,2016
SR,0.0,0.41203762779516023,0.04731047736758816,0.4593481051627484,0.4593481051627484,2016
SS,0.0003154171585826246,0.018137779311773797,0.006765492949170593,0.02490327226094439,0.025218689419527016,2016
ST,0.0005302200904319821,0.2888275753722587,0.017265131270515727,0.30609270664277444,0.3066229267332064,2016
SV,0.0,0.18622903496323054,0.07392472370957957,0.2601537586728101,0.2601537586728101,2016
SY,0.0040771426907203635,0.015001484330853335,0.02803850114558553,0.04303998547643886,0.047117128167159225,2016
SZ,0.0,0.025958954577919052,0.0022560493028996554,0.02821500388081871,0.02821500388081871,2016
TD,0.0,0.011554415234750644,0.01218621227371976,0.023740627508470405,0.023740627508470405,2016
TG,0.0,0.027097629013135047,0.016148605370764825,0.04324623438389987,0.04324623438389987,2016
TH,0.3707420116847284,0.4202017190526861,2.335500099039584,2.7557018180922705,3.126443829776999,2016
TJ,0.002307337176564195,0.1080980022741754,0.017534377723961873,0.12563237999813728,0.12793971717470148,2016
TL,0.0,0.1130527097349859,0.0053917152001582225,0.11844442493514414,0.11844442493514414,2016
TM,0.15239524399292395,0.08456046116683832,0.019039940453666415,0.10360040162050474,0.2559956456134287,2016
TN,0.010524367329668615,0.24683653991777377,0.19916288310653918,0.44599942302431295,0.45652379035398155,2016
TO,0.009827148326447065,1.1296292786475115,0.05273492927520566,1.1823642079227172,1.1921913562491644,2016
TR,0.38136683044774067,0.27229116296450373,2.547246287067554,2.819537450032058,3.2009042804797985,2016
TT,0.5233927569856077,0.6331604299435084,1.2102655014598978,1.8434259314034063,2.366818688389014,2016
TV,0.0,0.6795974382433669,0.007899405295242606,0.6874968435386095,0.6874968435386095,2016
TW,0.18400978065807538,0.9768761683502045,2.8739170525271547,3.8507932208773594,4.034803001535435,2016
TZ,0.02445637043079638,0.023328137944675368,0.11261022468192741,0.13593836262660278,0.16039473305739915,2016
UA,0.00679354497918663,0.12751683413701329,0.41514857369648905,0.5426654078335024,0.549458952812689,2016
UG,0.0001661118779090842,0.0178426837782434,0.04815133174587341,0.06599401552411681,0.0661601274020259,2016
US,1.5510709773216507,0.3069226385977111,18.857375700250596,19.164298338848308,20.71536931616996,2016
UY,1.7163404189586963e-05,0.34169822414991574,0.040839528858654106,0.38253775300856985,0.38255491641275946,2016
UZ,0.013838356342334662,0.04371586655759479,0.03755237233510759,0.08126823889270238,0.09510659523503703,2016
VC,0.0,0.9411178395456427,0.2406508928080992,1.1817687323537418,1.1817687323537418,2016
VE,0.14591659158309964,0.06126354267021866,0.21237077655453954,0.2736343192247582,0.4195509108078579,2016
VN,0.2735172340264215,0.11560848376390859,0.7744323116705295,0.890040795434438,1.1635580294608596,2016
VU,0.5931359937666767,0.4615378961063781,0.03874170559860857,0.5002796017049866,1.0934155954716633,2016
WS,0.0,0.878367952668072,0.0777676913065623,0.9561356439746342,0.9561356439746342,2016
YE,0.0032880801992960854,0.01150480815197977,0.028901561202954118,0.040406369354933885,0.04369444955422997,2016
ZA,0.2253612851417574,0.09881127080441132,0.7957831299675742,0.8945944007719855,1.119955685913743,2016
ZM,0.00554946509260174,0.03332942542586288,0.03765538194794828,0.07098480737381116,0.0765342724664129,2016
ZW,0.015627835987412308,0.04609393482076456,0.03661001980753467,0.08270395462829923,0.09833179061571154,2016
AE,0.003729129366980398,3.239300817482422,2.7986253687899296,6.037926186272351,6.041655315639331,2017
AF,0.02050946602917683,0.018169300933188394,0.0305335082923075,0.04870280922549589,0.06921227525467272,2017
AG,0.0,3.824081443162223,0.770521621735014,4.594603064897237,4.594603064897237,2017
AL,0.0,0.4827157290523014,0.05345726983614167,0.536172998888443,0.536172998888443,2017
AM,0.0,0.45297487480973164,0.05035379011475974,0.5033286649244914,0.5033286649244914,2017
AO,0.03109217813265022,0.02543182055641176,0.11533213796514738,0.14076395852155915,0.17185613665420937,2017
AR,0.22919328263198444,0.15967179040415871,0.31301801603578006,0.47268980643993874,0.7018830890719232,2017
AT,0.01717704435775059,1.2436432650079363,1.0069595990638667,2.250602864071803,2.267779908429554,2017
AU,2.172896382270732,0.8281120266767608,6.433699623412695,7.261811650089456,9.434708032360188,2017
AZ,0.0008969244149827808,0.16491782623481344,0.09402744346417098,0.2589452696989844,0.2598421941139672,2017
BA,0.0,0.23547648921655612,0.0688750495949946,0.30435153881155075,0.30435153881155075,2017
BB,0.0,2.8239753579064217,1.2492071133913116,4.073182471297733,4.073182471297733,2017
BD,0.010067499846750165,0.027976995026443262,0.45905670265774506,0.4870336976841883,0.49710119753093845,2017
BE,4.614743622424314e-05,1.2411685234051006,1.391324138158445,2.6324926615635453,2.6325388089997697,2017
BF,0.00018447395793199566,0.013654440667671072,0.015968038160491277,0.02962247882816235,0.029806952786094344,2017
BG,0.028217958074722896,0.5671129775471774,0.3085218432603495,0.8756348208075269,0.9038527788822498,2017
BH,0.0,2.0176822458915176,0.2682190755158286,2.285901321407346,2.285901321407346,2017
BI,0.0,0.009234570072797196,0.007244830056936127,0.016479400129733323,0.016479400129733323,2017
BJ,0.0,0.03188405435979727,0.05487176763098368,0.08675582199078094,0.08675582199078094,2017
BN,0.0,1.529703862541939,0.03309986535128354,1.5628037278932225,1.5628037278932225,2017
BO,0.22734867057314026,0.07429604318817043,0.03230223408882307,0.1065982772769935,0.3339469478501338,2017
BR,0.37451739026668557,0.04981450605289034,0.5541792676245894,0.6039937736774796,0.9785111639441653,2017
BS,2.8022638513643288,4.458511850647273,0.06870413451577972,4.527215985163053,7.329479836527382,2017
BT,0.03699417367615184,0.1980764514439871,0.0034888642309868906,0.201565315674974,0.23855948935112584,2017
BW,0.03708265633526812,0.12403192769197444,0.020313753553471613,0.14434568124544606,0.18142833758071417,2017
BY,0.0,0.12115558579117693,0.08307557674210175,0.20423116253327867,0.20423116253327867,2017
BZ,3.597971071966388,1.067011966709717,0.023420451675403964,1.090432418385121,4.68840349035151,2017
CA,0.8814096615085821,0.8095795872778938,3.270043802124992,4.079623389402886,4.9610330509114675,2017
CD,0.005098951237525205,0.004811238532515694,0.023652371923757545,0.028463610456273238,0.03356256169379844,2017
CF,0.0,0.017466115643860133,0.004600695020009671,0.022066810663869806,0.022066810663869806,2017
CG,0.0681202113021259,0.06386942579635888,0.028445232068723708,0.09231465786508258,0.16043486916720848,2017
CH,0.03422057369924487,2.8167830427362075,2.0898740577786667,4.906657100514874,4.940877674214119,2017
CI,0.003031678906798589,0.03315230865750867,0.08033147312525334,0.113483781782762,0.11651546068956059,2017
CK,3.951369742476682,10.52560567841849,0.049266470318663824,10.574872148737153,14.526241891213836,2017
CL,0.5305334355522114,0.23712022737593696,0.1743560969621536,0.41147632433809056,0.942009759890302,2017
CM,0.007702518683118014,0.02778449525523672,0.07400780340670932,0.10179229866194603,0.10949481734506404,2017
CN,0.3142306444094905,0.04564430151123078,5.802130313674711,5.8477746151859415,6.162005259595432,2017
CO,0.40956894836222035,0.10992531686076079,0.27402507431471823,0.383950391175479,0.7935193395376994,2017
CR,0.09030002379315868,0.5874062750029155,0.1525751476633534,0.7399814226662689,0.8302814464594276,2017
CU,0.07746739392997529,0.40653196274587744,0.22914265232701655,0.635674615072894,0.7131420090028693,2017
CV,0.925035046296206,1.1991214541824513,0.047200990071751714,1.246322444254203,2.1713574905504087,2017
CY,3.1890933009108848e-06,4.217908353431266,0.3277259561476901,4.545634309578956,4.5456374986722565,2017
CZ,0.00038040697285032587,0.7028777740063836,0.5957856073334368,1.2986633813398205,1.2990437883126709,2017
DE,0.19831876458135164,0.8943460331581846,7.62125663796995,8.515602671128134,8.713921435709485,2017
DJ,0.0,0.22294639666072893,0.015287807108308125,0.23823420376903706,0.23823420376903706,2017
DK,0.28258950996744586,2.1875274059663137,1.5418534688686736,3.7293808748349875,4.011970384802433,2017
DM,0.0,1.0562660593319317,0.3101430537939839,1.3664091131259157,1.3664091131259157,2017
DO,0.00017521585346292245,0.5405533764769952,0.23244605554546716,0.7729994320224624,0.7731746478759253,2017
DZ,0.060546592544048296,0.12082297186143623,0.16215379318139567,0.28297676504283187,0.3435233575868802,2017
EC,0.14125363621712533,0.12423274200172457,0.07543938281935147,0.19967212482107605,0.3409257610382014,2017
EE,0.022005047725676984,0.9981987589426342,0.15801796128560286,1.1562167202282372,1.1782217679539142,2017
EG,0.01321266246410893,0.10562026480910455,0.877213237315073,0.9828335021241775,0.9960461645882864,2017
ER,0.0,0.05400293999359436,0.010690299455330033,0.0646932394489244,0.0646932394489244,2017
ES,0.6354712225644651,1.5932535935149414,4.804960444097307,6.398214037612249,7.033685260176714,2017
ET,0.014453559424415195,0.013314059014987452,0.19116565768468705,0.2044797166996745,0.2189332761240897,2017
FI,0.30697647736292016,1.1237547191596247,0.7312111335971214,1.854965852756746,2.161942330119666,2017
FJ,0.2183632686735789,1.0527157314548554,1.6184761950125588,2.671191926467414,2.8895551951409932,2017
FM,0.3759887470086407,0.4547870882884857,0.7352474484802656,1.1900345367687513,1.566023283777392,2017
FR,0.3009616667751146,0.794644344035124,6.937695889679397,7.732340233714521,8.033301900489636,2017
GA,0.07777504752190643,0.1768213639946219,0.07588750433964837,0.25270886833427025,0.3304839158561767,2017
GB,0.2565101905491794,1.558419386690612,14.244105694491301,15.802525081181914,16.059035271731094,2017
GD,0.0,1.8087111696321836,0.18408939960444184,1.9928005692366255,1.9928005692366255,2017
GE,0.0025519008220447953,0.5065308254274677,0.13289003124578372,0.6394208566732514,0.6419727574952963,2017
GH,0.018573327947277615,0.03583535438164985,0.08455252647914892,0.12038788086079877,0.1389612088080764,2017
GM,0.0,0.07349663071596699,0.009640878077455348,0.08313750879342234,0.08313750879342234,2017
GN,0.0,0.024294629781104096,0.01522954947567744,0.03952417925678153,0.03952417925678153,2017
GQ,0.25930301920895854,0.12814036902296222,0.020104199204040052,0.14824456822700227,0.4075475874359608,2017
GR,0.5228716438707498,1.3914461980591684,1.3812042624639487,2.772650460523117,3.295522104393867,2017
GT,0.008579401047493574,0.08728362647101767,0.10208228164832059,0.18936590811933826,0.19794530916683184,2017
GW,0.0,0.0395754664711849,0.009285131973945685,0.04886059844513058,0.04886059844513058,2017
GY,1.3012717328645285e-05,0.4726049768438696,0.29982594209393737,0.7724309189378069,0.7724439316551356,2017
HK,0.0,3.3604338383955064,1.2794344158096378,4.639868254205144,4.639868254205144,2017
HN,0.021141022613780196,0.09477827598607277,0.05407636040720023,0.148854636393273,0.1699956590070532,2017
HR,0.06325259854873505,0.9660975191213963,0.2855901433908257,1.251687662512222,1.314940261060957,2017
HT,0.004091052541960189,0.06946460420527219,0.05023313717235267,0.11969774137762486,0.12378879391958504,2017
HU,3.0657279816350633e-07,0.6719230616730455,0.5916998273256335,1.263622888998679,1.2636231955714772,2017
ID,0.3859109396460082,0.06584374808231191,1.5831202863887346,1.6489640344710466,2.034874974117055,2017
IE,0.013944152706922288,2.966397034671723,0.8574341925660153,3.823831227237738,3.8377753799446603,2017
IL,0.10081243311843532,1.0440950723983222,0.6921365703988517,1.7362316427971738,1.837044075915609,2017
IN,0.0678945173982799,0.02234878874634154,3.5644901557022406,3.586838944448582,3.6547334618468623,2017
IQ,0.020889051685811195,0.0937812465419318,0.3026805281064768,0.3964617746484086,0.41735082633421977,2017
IR,0.16127279185560817,0.06407219779317933,0.43417098932028286,0.49824318711346216,0.6595159789690703,2017
IS,0.9997758578531257,8.124308652469056,0.15283313139893284,8.27714178386799,9.276917641721115,2017
IT,0.45547501505125376,0.9143911446202354,5.744961128012537,6.6593522726327725,7.114827287684026,2017
JM,0.004038690742548026,0.9420800180696962,0.36378177155573627,1.3058617896254325,1.3099004803679806,2017
JO,0.004141006852887556,0.3320267697821017,0.30685987545805027,0.638886645240152,0.6430276520930396,2017
JP,0.6903158934240504,0.33237132204076525,4.3643646937131555,4.69673601575392,5.387051909177971,2017
KE,0.051348612048766604,0.04575559386172129,0.22508444235704583,0.2708400362187671,0.32218864826753374,2017
KG,0.11960772650177247,0.1789614398366598,0.024498253983892368,0.20345969382055218,0.32306742032232466,2017
KH,0.03418423962314815,0.244396819783677,0.18543742605994318,0.4298342458436202,0.4640184854667683,2017
KI,0.5523388263465088,0.23069823902090225,0.20040487484429303,0.4311031138651953,0.9834419402117041,2017
KM,0.05373015977903181,0.1539667226135568,0.013079671533323331,0.1670463941468801,0.22077655392591192,2017
KN,0.03296493092454835,2.8958554729011694,0.34576848080864697,3.2416239537098166,3.274588884634365,2017
KP,0.0,0.0028197699493785447,0.0003423657509040744,0.003162135700282619,0.003162135700282619,2017
KR,0.33987482488049725,0.6545210985375323,2.4031578164401757,3.057678914977708,3.397553739858205,2017
KW,0.0,1.5216312480082719,0.5417675801479978,2.0633988281562696,2.0633988281562696,2017
KZ,0.23109580450410203,0.13528599264065486,0.12614333064902053,0.2614293232896754,0.49252512779377744,2017
LA,0.0878911484755164,0.1661706430486566,0.027778740102943913,0.19394938315160054,0.281840531627117,2017
LB,0.0,0.6503947645243735,0.3928866216551919,1.0432813861795653,1.0432813861795653,2017
LC,0.0,2.2553560694559436,0.4658854251168583,2.721241494572802,2.721241494572802,2017
LK,0.0024600315055713358,0.176014357789887,0.7578052482177313,0.9338196060076183,0.9362796375131895,2017
LR,0.0,0.020418963052421527,0.005311713448178107,0.025730676500599632,0.025730676500599632,2017
LS,0.0,0.018186833309381534,0.002686504919777099,0.02087333822915863,0.02087333822915863,2017
LT,0.0008662883414766558,0.8796735743530583,0.3289442649689603,1.2086178393220186,1.2094841276634953,2017
LU,0.0,3.1086344250422466,0.15005801519010806,3.2586924402323545,3.2586924402323545,2017
LV,0.004213953095706051,1.0879679438935772,0.22942230910536834,1.3173902529989456,1.3216042060946518,2017
LY,0.02996184763688329,0.1174485848307629,0.04593096379915087,0.16337954862991377,0.19334139626679706,2017
MA,0.019088825740007614,0.22730319068863203,0.3755373915928888,0.6028405822815208,0.6219294080215284,2017
MC,0.0,2.4605339986198835,0.0017496717108858772,2.4622836703307693,2.4622836703307693,2017
MD,0.0,0.3597481507738536,0.055412869453415066,0.41516102022726864,0.41516102022726864,2017
ME,3.870256114198357e-05,1.318239872023531,0.0594269327384474,1.3776668047619784,1.3777055073231204,2017
MG,0.009079684751314702,0.01432725949222377,0.1306148756262645,0.14494213511848827,0.15402181986980298,2017
MH,1.0182037009177072,0.9796041178619785,0.4293918318049659,1.4089959496669444,2.427199650584652,2017
MK,0.0,0.46239255512579613,0.08195551736717757,0.5443480724929737,0.5443480724929737,2017
ML,0.0,0.021029766752766653,0.0274041923361658,0.04843395908893246,0.04843395908893246,2017
MM,0.07972814227083189,0.04788262778153815,0.13151010996454152,0.17939273774607967,0.2591208800169116,2017
MN,0.046141818420777976,0.15182723417743538,0.013815137063825242,0.16564237124126063,0.2117841896620386,2017
MO,0.0,5.099114691116288,1.0892146936807545,6.188329384797043,6.188329384797043,2017
MR,0.009008692347883911,0.05273618961668171,0.011440527343406275,0.06417671696008798,0.07318540930797189,2017
MT,0.0,6.163136725211689,0.16650328544939985,6.329640010661088,6.329640010661088,2017
MU,0.13960663384095673,1.0988521332191794,0.17802062681097353,1.276872760030153,1.4164793938711098,2017
MV,2.76987564561072,3.87960164700286,0.08514212738979854,3.9647437743926583,6.734619420003378,2017
MW,0.005512171339735689,0.015037100087224213,0.012927188523674025,0.02796428861089824,0.033476459950633926,2017
MX,0.29257838997594626,0.18065496517558333,0.4814476195417026,0.6621025847172859,0.9546809746932321,2017
MY,0.6674779831302384,0.616577744519627,1.6299273062279944,2.246505050747621,2.9139830338778596,2017
MZ,0.015683442320782785,0.01473468754057362,0.025605175967039016,0.040339863507612636,0.05602330582839542,2017
NA,0.04912414090495135,0.2647012010676334,0.033127584272629476,0.29782878534026286,0.34695292624521423,2017
NE,0.0005970484588937408,0.007512789796862635,0.011952978970184179,0.019465768767046813,0.020062817225940555,2017
NG,0.014357359660461795,0.010091284904358093,0.11497472071625132,0.1250660056206094,0.1394233652810712,2017
NI,0.022029906437888918,0.12467987243027172,0.05638102062901919,0.1810608930592909,0.2030907994971798,2017
NL,3.1763687406044456e-06,1.3128424053312173,2.2299420918712802,3.5427844972024976,3.542787673571238,2017
NO,2.5475918937265414,2.066258313273835,1.3484387953959898,3.4146971086698246,5.962289002396366,2017
NP,0.04740665342484797,0.08442194920342384,0.23466260670599132,0.31908455590941515,0.3664912093342631,2017
NR,0.0,2.3484634404803955,0.06104308236314317,2.4095065228435386,2.4095065228435386,2017
NU,0.0,7.639887640449438,0.003631828981542951,7.643519469430982,7.643519469430982,2017
NZ,2.2254180144748785,1.404000871019325,16.488670031472807,17.89267090249213,20.11808891696701,2017
OM,0.13342586805295373,0.890258421350043,0.2888744170714569,1.1791328384214999,1.3125587064744535,2017
PA,0.12504284887892692,0.5068476473190203,0.16500728050611185,0.6718549278251322,0.7968977767040591,2017
PE,0.3295623505549322,0.11461802414502043,0.15239100143847534,0.26700902558349576,0.5965713761384279,2017
PG,0.18886501965307995,0.041987036528210814,0.09081976569299754,0.13280680222120836,0.32167182187428833,2017
PH,0.20775019218746765,0.12162469791696501,1.7621425710671612,1.8837672689841263,2.091517461171594,2017
PK,0.015867411824740805,0.035045352891296316,0.6065064424854482,0.6415517953767444,0.6574192072014853,2017
PL,0.03633586527529321,0.3897010944306879,1.4872905085404668,1.8769916029711546,1.9133274682464478,2017
PT,0.34601906678679883,1.7764787659168988,1.6536116231260218,3.4300903890429204,3.7761094558297192,2017
PW,0.0,7.055299797889063,0.057982384939038914,7.113282182828102,7.113282182828102,2017
PY,0.009266785093379358,0.09861122066809072,0.0252470463566608,0.12385826702475153,0.1331250521181309,2017
QA,0.0,2.0273860147559217,0.45631729182260977,2.4837033065785317,2.4837033065785317,2017
RO,0.05951663742758668,0.41111776782250675,0.5368764989596335,0.9479942667821403,1.007510904209727,2017
RS,2.2336869108915845e-05,0.3886027114979882,0.508825174217438,0.8974278857154262,0.8974502225845351,2017
RU,0.2817070712383544,0.15624059187450984,2.6572902543573855,2.8135308462318953,3.0952379174702496,2017
RW,0.0017112684251675537,0.03017736349436079,0.03207064107318321,0.06224800456754401,0.06395927299271156,2017
SA,0.644731330582974,0.7578696425314697,1.2114066223397024,1.9692762648711721,2.6140075954541464,2017
SB,0.19773156844672088,0.13199751484674885,0.29123938204665045,0.4232368968933993,0.6209684653401202,2017
SC,1.9033497589525554,4.375589276501877,0.033246468664726914,4.408835745166604,6.312185504119159,2017
SD,0.014173565175096138,0.04205836798565802,0.13277670674000935,0.17483507472566737,0.1890086399007635,2017
SE,0.7228219078766441,1.3485744783533513,1.6597968420909313,3.0083713204442826,3.731193228320927,2017
SG,0.0,4.087604776378916,1.1897016096831476,5.2773063860620635,5.2773063860620635,2017
SI,0.0,0.33154125513355737,0.10064962601519623,0.4321908811487536,0.4321908811487536,2017
SK,0.002457457181227809,0.1890698530088121,0.07020239121015798,0.2592722442189701,0.2617297014001979,2017
SL,0.0,0.018930659944799637,0.00820426400635651,0.027134923951156145,0.027134923951156145,2017
SN,0.002376090161409995,0.07583630683860332,0.1164872829768008,0.19232358981540412,0.19469967997681412,2017
SO,0.006551212073451716,0.018119978716370833,0.044334464886393386,0.06245444360276422,0.06900565567621593,2017
SR,0.0,0.3851793711776566,0.051465899580442336,0.43664527075809895,0.43664527075809895,2017
SS,0.0005427348102972233,0.017919801184386155,0.0065683317054074175,0.02448813288979357,0.025030867700090796,2017
ST,0.06622698941875634,0.32343817944629655,0.010207028640191532,0.33364520808648807,0.3998721975052444,2017
SV,0.0,0.17685831876969188,0.06163834561740082,0.23849666438709272,0.23849666438709272,2017
SY,0.00479935466245763,0.017319310793819695,0.030840470707834765,0.04815978150165446,0.05295913616411209,2017
SZ,0.0,0.025596725939932397,0.0028025933459401024,0.0283993192858725,0.0283993192858725,2017
TD,0.0,0.010650679563065653,0.007848460312659069,0.01849913987572472,0.01849913987572472,2017
TG,0.0,0.02729430045897179,0.01594712880926727,0.04324142926823906,0.04324142926823906,2017
TH,0.40036782084341627,0.45371648615819415,2.2621950845562013,2.7159115707143955,3.1162793915578115,2017
TJ,0.001988125397179336,0.10625960136677018,0.014877133002756901,0.12113673436952709,0.12312485976670642,2017
TL,0.0,0.15070507939982566,0.00435630144922017,0.15506138084904583,0.15506138084904583,2017
TM,0.1378158280673871,0.08311924538589696,0.01768702169910069,0.10080626708499765,0.23862209515238475,2017
TN,0.01116613212585419,0.2742521392647765,0.23796597410920647,0.5122181133739829,0.5233842454998371,2017
TO,0.6942271916169939,1.207648354151638,0.05317243344727485,1.260820787598913,1.955047979215907,2017
TR,0.41135698857375835,0.28390929615018645,2.583059247843738,2.8669685439939245,3.278325532567683,2017
TT,0.4585268681573778,0.624106649248821,1.2384760190189195,1.8625826682677404,2.3211095364251184,2017
TV,0.0,0.5817462508050419,0.0067096995022713326,0.5884559503073132,0.5884559503073132,2017
TW,0.17621517214018328,0.9897133865821564,2.732197342235944,3.7219107288181004,3.898125900958284,2017
TZ,0.02404822103578089,0.02255794802390317,0.12245696801974876,0.14501491604365194,0.16906313707943282,2017
UA,0.008775346232843081,0.15873928895479056,0.5087821055427754,0.667521394497566,0.676296740730409,2017
UG,0.0005447342669463729,0.019301652959619973,0.05419700844214273,0.0734986614017627,0.07404339566870907,2017
US,1.6071181481921415,0.3198191741199534,19.83052063424828,20.150339808368233,21.757457956560376,2017
UY,5.312182191322373e-06,0.3567632047568821,0.0423824878381446,0.3991456925950267,0.399151004777218,2017
UZ,0.01196504824857512,0.0448406618172223,0.03869462642354103,0.08353528824076334,0.09550033648933846,2017
VC,0.0,1.051730501689333,0.2738472257071369,1.32557772739647,1.32557772739647,2017
VE,0.09479821299451015,0.04928905871532911,0.20945493978556945,0.2587439985008986,0.3535422114954087,2017
VN,0.2912131995955282,0.1426808607295859,0.8381810322915613,0.9808618930211472,1.2720750926166755,2017
VU,0.6726258226902735,0.49338077678478487,0.04811968028201974,0.5415004570668046,1.2141262797570782,2017
WS,0.0,0.9392157340018985,0.08179499590707924,1.0210107299089777,1.0210107299089777,2017
YE,0.0004629970861191805,0.0021301311015187517,0.006254053057411219,0.008384184158929971,0.008847181245049152,2017
ZA,0.230698510051902,0.10219077722033643,0.8607618438775287,0.9629526210978652,1.193651131149767,2017
ZM,0.0061162228546921904,0.03176938442732546,0.037361346217527895,0.06913073064485335,0.07524695349954555,2017
ZW,0.0134772146896111,0.04600626687681376,0.037348475130184855,0.0833547420069986,0.09683195669660971,2017
AE,0.0016488942287632116,3.190163873039852,2.5674662325088278,5.75763010554868,5.759278999777443,2018
AF,0.01657739851077642,0.019623254353021806,0.029258623933071028,0.048881878286092834,0.06545927679686925,2018
AG,0.0,3.887369949189451,0.7956898431866378,4.683059792376089,4.683059792376089,2018
AL,0.0,0.4887370773100005,0.055853236648606926,0.5445903139586075,0.5445903139586075,2018
AM,0.0,0.5157414318527653,0.06367982629442029,0.5794212581471856,0.5794212581471856,2018
AO,0.0255514598691159,0.02413206567817425,0.09814164424605866,0.1222737099242329,0.1478251697933488,2018
AR,0.2539466793350837,0.1680798529486653,0.3272491060095161,0.4953289589581814,0.749275638293265,2018
AT,0.016155129415889567,1.3622748016490136,1.120328788693117,2.482603590342131,2.4987587197580203,2018
AU,2.1421161537479776,0.8491493093111844,6.84428708455785,7.693436393869034,9.835552547617013,2018
AZ,0.0033015650535907944,0.18411959858897364,0.11691138834939693,0.3010309869383706,0.3043325519919614,2018
BA,2.6572187776793623e-06,0.25299793327428405,0.0793313005899599,0.33232923386424396,0.33233189108302164,2018
BB,0.0,2.8862174977111694,1.169378171519215,4.055595669230384,4.055595669230384,2018
BD,0.013721791875966347,0.028001455989974368,0.4514676757330893,0.4794691317230637,0.49319092359903005,2018
BE,8.749974296950503e-08,1.2667361414625844,1.438706024352723,2.7054421658153074,2.7054422533150504,2018
BF,0.00017491680320778336,0.012884053693734033,0.015633129912032428,0.02851718360576646,0.02869210040897424,2018
BG,0.030096888912424735,0.6460122543932549,0.37251350986982174,1.0185257642630767,1.0486226531755014,2018
BH,0.0,1.923722611653377,0.22765061332683487,2.1513732249802118,2.1513732249802118,2018
BI,0.0,0.00887613131338513,0.007000199463120526,0.015876330776505656,0.015876330776505656,2018
BJ,0.0,0.029144703031845666,0.04550299007359564,0.07464769310544131,0.07464769310544131,2018
BN,0.0,1.5384139238482444,0.03194831404052534,1.5703622378887698,1.5703622378887698,2018
BO,0.30398775916793763,0.08183984036659236,0.033951767400997535,0.1157916077675899,0.41977936693552753,2018
BR,0.3850012027717995,0.055978154287238624,0.6253343926821182,0.6813125469693568,1.0663137497411563,2018
BS,2.0475049463099384,4.602390525492913,0.07271872770264043,4.675109253195553,6.722614199505491,2018
BT,0.031165145789651717,0.22362749240219595,0.0030244375157299774,0.22665192991792593,0.25781707570757767,2018
BW,0.038076394618685845,0.12540857650748694,0.019344058029553017,0.14475263453703996,0.1828290291557258,2018
BY,0.0,0.1299304822948364,0.08985223206761934,0.21978271436245572,0.21978271436245572,2018
BZ,3.102152404096511,1.0795474270565402,0.022600462438423286,1.1021478894949635,4.204300293591475,2018
CA,0.92855898531184,0.8418427078907752,3.5710975107526046,4.41294021864338,5.34149920395522,2018
CD,0.007750130586426003,0.0048256898314852055,0.023692395645854427,0.02851808547733963,0.03626821606376564,2018
CF,0.0,0.018137778491088836,0.004676325554622859,0.022814104045711697,0.022814104045711697,2018
CG,0.057175132835003736,0.0568950002535054,0.03118185583270426,0.08807685608620966,0.14525198892121338,2018
CH,0.022003221100509795,2.9127644444611445,2.2246464164997564,5.137410860960901,5.159414082061411,2018
CI,0.003294218981216001,0.03471712037351352,0.08332096914208845,0.11803808951560196,0.12133230849681796,2018
CK,4.302603036876356,11.561340081947456,0.05676861961942592,11.618108701566882,15.920711738443238,2018
CL,0.6100327890614137,0.25299633079451755,0.1828782625871337,0.43587459338165124,1.045907382443065,2018
CM,0.01202702546356718,0.02712487346502712,0.07400555355202978,0.1011304270170569,0.11315745248062409,2018
CN,0.34222277100272225,0.05057066250116049,6.192061696096844,6.242632358598004,6.584855129600727,2018
CO,0.3853664005233632,0.11552719411568907,0.2676949008000659,0.383222094915755,0.7685884954391182,2018
CR,0.017171667051916792,0.602414812322679,0.1411336261761192,0.7435484384987983,0.760720105550715,2018
CU,0.04565935799374336,0.37543125493114077,0.22999792208345649,0.6054291770145972,0.6510885350083405,2018
CV,0.8493830526961621,1.3418189963285068,0.04949653205564375,1.3913155283841505,2.240698581080313,2018
CY,7.869448989051236e-07,4.680080929413403,0.3800206951075034,5.0601016245209065,5.060102411465805,2018
CZ,0.0004264884698808989,0.7765391906312457,0.6497971175783309,1.4263363082095766,1.4267627966794574,2018
DE,0.21155931473691036,0.9496240102947269,8.019247196105637,8.968871206400364,9.180430521137273,2018
DJ,0.0,0.21076853608886054,0.017244364999790127,0.22801290108865066,0.22801290108865066,2018
DK,0.27292458314232537,2.3229840947878295,1.6374138870048984,3.960397981792728,4.233322564935054,2018
DM,0.0,0.8069645319329949,0.24858001039872243,1.0555445423317174,1.0555445423317174,2018
DO,6.214029349138856e-06,0.5662500855588368,0.22451313304626613,0.790763218605103,0.7907694326344522,2018
DZ,0.05833370093684195,0.11086891235356,0.14834365814956643,0.2592125705031264,0.3175462714399684,2018
EC,0.1551907508158428,0.12476020623891063,0.07319678698872148,0.1979569932276321,0.35314774404347493,2018
EE,0.017093493398085427,1.0700714466721886,0.18408197327682374,1.2541534199490123,1.2712469133470978,2018
EG,0.015145101118075878,0.10928915734769601,0.8855618918475281,0.994851049195224,1.0099961503133,2018
ER,0.0014282313734825041,0.07638939350280008,0.013067083513597333,0.08945647701639742,0.09088470838987993,2018
ES,0.6996408008770594,1.6714730468153522,5.26175872699829,6.933231773813643,7.632872574690702,2018
ET,0.017697164223097334,0.014207189878817889,0.1974833957133937,0.2116905855922116,0.22938774981530893,2018
FI,0.326989906696042,1.2252428325068496,0.7778909053032472,2.0031337378100966,2.3301236445061386,2018
FJ,0.2842146579733531,1.1015863843520357,1.8445923433243445,2.9461787276763802,3.2303933856497333,2018
FM,0.5060095169640338,0.5037894985851933,0.8358438832134433,1.3396333817986366,1.8456428987626703,2018
FR,0.3129875768516884,0.8334314694472151,7.1630370731698845,7.9964685426171,8.309456119468788,2018
GA,0.05684580607308714,0.16878450566329067,0.05133408802018529,0.22011859368347597,0.2769643997565631,2018
GB,0.24960139680214102,1.5870302187297172,14.777783657150712,16.36481387588043,16.61441527268257,2018
GD,0.0,2.0006309911747673,0.2580612022730648,2.258692193447832,2.258692193447832,2018
GE,0.00168068688392272,0.6370512140446185,0.17924332622162584,0.8162945402662444,0.8179752271501671,2018
GH,0.010743960400273063,0.03665334588219013,0.07701748740119946,0.11367083328338959,0.12441479368366265,2018
GM,0.0,0.07355877901278196,0.009324772215389155,0.08288355122817112,0.08288355122817112,2018
GN,0.0,0.024223571391352575,0.014925198063060969,0.03914876945441354,0.03914876945441354,2018
GQ,0.20736292874014337,0.10665655379597652,0.012520477756662513,0.11917703155263903,0.3265399602927824,2018
GR,0.5617186308924069,1.6192333054138144,1.5157237667239356,3.13495707213775,3.6966757030301567,2018
GT,0.00928148662402271,0.08890810910924667,0.10434326547039531,0.19325137457964198,0.20253286120366468,2018
GW,0.0,0.03579968036092578,0.00873606635948929,0.044535746720415076,0.044535746720415076,2018
GY,1.0106675964808555e-05,0.44613520711105725,0.33658078045200107,0.7827159875630583,0.7827260942390231,2018
HK,0.0,3.495372627186499,1.701585495999064,5.196958123185563,5.196958123185563,2018
HN,0.025554698772479036,0.09363526232410771,0.047381482428660346,0.14101674475276804,0.16657144352524708,2018
HR,0.06561109581730382,1.0962195530387582,0.3156357852355861,1.4118553382743442,1.477466434091648,2018
HT,0.0037136157335435557,0.07950412511464228,0.05862381453569971,0.13812793965034198,0.14184155538388554,2018
HU,3.0692439858675636e-07,0.7616324858605046,0.6826666584046102,1.4442991442651147,1.4442994511895133,2018
ID,0.3962227878226845,0.07079060315075603,1.5670067369326315,1.6377973400833876,2.0340201279060723,2018
IE,0.016936901289590103,3.129890554362023,0.9591936913836265,4.089084245745649,4.106021147035239,2018
IL,0.12160538806568738,1.1955290128738119,0.8253868825559114,2.0209158954297233,2.1425212834954106,2018
IN,0.0785376838718462,0.0235165350060937,3.7434442664496173,3.7669608014557108,3.845498485327557,2018
IQ,0.02067818444835227,0.09613485686947258,0.29904959491006694,0.39518445177953954,0.4158626362278918,2018
IR,0.17434909483148922,0.0607660201297294,0.4046353934094211,0.46540141353915054,0.6397505083706397,2018
IS,0.7948131521819223,9.151192844632625,0.1634227811136738,9.314615625746299,10.10942877792822,2018
IT,0.4800302593846878,0.9778948688281656,6.179618815174001,7.157513684002167,7.637543943386855,2018
JM,0.003372579028310019,0.9960916237987559,0.3658248059579381,1.3619164297566941,1.3652890087850043,2018
JO,0.00441719062699944,0.3496851458942226,0.34046766021727015,0.6901528061114928,0.6945699967384922,2018
JP,0.6802365647160183,0.3594847234136732,3.9986961020879197,4.358180825501593,5.038417390217612,2018
KE,0.05498747418368479,0.050640181279514855,0.239006257580311,0.2896464388598258,0.3446339130435106,2018
KG,0.05318184369821998,0.16013086014987704,0.0262412427239491,0.18637210287382613,0.23955394657204612,2018
KH,0.04994481558352375,0.29496405485826244,0.3270268029022498,0.6219908577605122,0.6719356733440359,2018
KI,0.3967596081386586,0.26608728416500105,0.23681928385460427,0.5029065680196053,0.8996661761582639,2018
KM,0.03391438458248552,0.14686945139257895,0.010546685782266155,0.1574161371748451,0.19133052175733062,2018
KN,0.027463410483321987,3.1174693669162696,0.3997690387363313,3.517238405652601,3.544701816135923,2018
KP,0.0,0.002628692051300315,0.0004044349918538973,0.003033127043154212,0.003033127043154212,2018
KR,0.3604078387953547,0.7325482785019175,2.7234308261227125,3.45597910462463,3.816386943419985,2018
KW,0.0,1.569727491495096,0.5908183076571802,2.1605457991522763,2.1605457991522763,2018
KZ,0.22313748040628273,0.13706625569575898,0.13366764158713673,0.2707338972828957,0.49387137768917844,2018
LA,0.09855507365624094,0.19020867573086309,0.029437704315714103,0.2196463800465772,0.31820145370281816,2018
LB,0.0,0.7067291431321564,0.4126912281427782,1.1194203712749347,1.1194203712749347,2018
LC,0.0,2.2406096589593085,0.42273243669315186,2.6633420956524603,2.6633420956524603,2018
LK,0.0027020483152068848,0.18557102874302833,0.7123707918090044,0.8979418205520328,0.9006438688672397,2018
LR,0.0,0.024430474004019636,0.006230973888232729,0.030661447892252364,0.030661447892252364,2018
LS,0.0,0.015712105176627803,0.0027210734549294588,0.018433178631557263,0.018433178631557263,2018
LT,0.0007753852126582261,1.0466579933901354,0.3524345541168911,1.3990925475070266,1.3998679327196848,2018
LU,0.0,3.496690516871375,0.16918277512044358,3.6658732919918187,3.6658732919918187,2018
LV,0.005219476361131113,1.231150536317927,0.3070714986277364,1.5382220349456635,1.5434415113067945,2018
LY,0.018620089723339894,0.09565306391218406,0.03701715074819544,0.1326702146603795,0.1512903043837194,2018
MA,0.022816168411842044,0.25160126630312263,0.42935722749511085,0.6809584937982335,0.7037746622100756,2018
MC,0.0,2.320936205902396,0.0017231065403119001,2.322659312442708,2.322659312442708,2018
MD,0.0,0.37499528342718386,0.05888723261179597,0.4338825160389798,0.4338825160389798,2018
ME,2.7606589855390185e-05,1.4433634569946165,0.06686195003340939,1.5102254070280259,1.5102530136178813,2018
MG,0.01162763631369657,0.014990765932594257,0.10422728334702201,0.11921804927961627,0.13084568559331283,2018
MH,0.4511206801369107,1.160075080048581,0.39973459065303535,1.5598096707016165,2.0109303508385272,2018
MK,0.0,0.5370854621071318,0.10546230189570227,0.6425477640028341,0.6425477640028341,2018
ML,0.0,0.021157487783747507,0.027918314540289712,0.049075802324037215,0.049075802324037215,2018
MM,0.06986378584153434,0.04681298752687996,0.12754629471757056,0.17435928224445052,0.24422306808598487,2018
MN,0.042056617628024824,0.16357041972960873,0.015479111228322795,0.17904953095793152,0.22110614858595634,2018
MO,0.0,5.514944472442666,1.2738352632415033,6.7887797356841695,6.7887797356841695,2018
MR,0.01008164493272333,0.05505863150505397,0.012576833629610675,0.06763546513466465,0.07771711006738798,2018
MT,0.0,6.846001923402358,0.19654964651790438,7.0425515699202625,7.0425515699202625,2018
MU,0.14162346867282263,1.1529181825729167,0.16611392865119975,1.3190321112241163,1.460655579896939,2018
MV,1.7798849287039895,4.09958824598709,0.09281965880468279,4.192407904791773,5.972292833495763,2018
MW,0.007067542504806623,0.014917141176142311,0.014426409565065357,0.029343550741207668,0.03641109324601429,2018
MX,0.3117619174080798,0.187903906948714,0.5125605379158829,0.7004644448645969,1.0122263622726768,2018
MY,0.6768293073855898,0.6388976659360999,1.6989057961247387,2.3378034620608386,3.014632769446428,2018
MZ,0.016435468176941692,0.014377308602014617,0.026215073599590737,0.040592382201605354,0.057027850378547046,2018
NA,0.06342271020429702,0.24766676780508168,0.030198145519284486,0.27786491332436614,0.34128762352866315,2018
NE,0.0002708212237847286,0.0072588560996452636,0.010036226259094769,0.017295082358740034,0.017565903582524762,2018
NG,0.014453288739848157,0.010910449807309503,0.12474147362099644,0.13565192342830595,0.15010521216815412,2018
NI,0.002168410394870064,0.09291868226647168,0.03906963156537536,0.13198831383184703,0.1341567242267171,2018
NL,3.2718606210335867e-06,1.3624418527226472,2.3273493226346753,3.6897911753573225,3.6897944472179436,2018
NO,2.5798922841277228,2.178154590048632,1.3775382398784215,3.5556928299270534,6.135585114054776,2018
NP,0.06335892822744582,0.08775328672621693,0.2512693881283504,0.3390226748545674,0.4023816030820132,2018
NR,0.0,2.3734425372484096,0.053044367714095986,2.4264869049625055,2.4264869049625055,2018
NU,0.0,8.655095184770438,0.003824609849121888,8.65891979461956,8.65891979461956,2018
NZ,2.239393108987079,1.4105965764693331,18.41832261548496,19.828919191954295,22.068312300941376,2018
OM,0.15500131908704823,0.9231049460435761,0.3300053307884254,1.2531102768320015,1.4081115959190498,2018
PA,0.11542974092219989,0.44912377095199935,0.15144628673826432,0.6005700576902637,0.7159997986124637,2018
PE,0.3949960598896769,0.1235552510810849,0.16757256910101725,0.29112782018210215,0.686123880071779,2018
PG,0.18651195650056582,0.0377658746121273,0.0837718059825904,0.1215376805947177,0.30804963709528355,2018
PH,0.22299647375884557,0.12719677060728857,1.6295974591878908,1.7567942297951793,1.9797907035540248,2018
PK,0.013886248561069077,0.03534562712270239,0.620889725602775,0.6562353527254774,0.6701216012865465,2018
PL,0.02228674563760899,0.4428767029792837,1.8196897162921093,2.2625664192713932,2.284853164909002,2018
PT,0.3441223752834407,1.9340839000855463,1.8134577116508521,3.7475416117363984,4.091663987019839,2018
PW,0.0,7.093914898394521,0.04969497143682344,7.143609869831344,7.143609869831344,2018
PY,0.003521340415117695,0.10628604305765549,0.028631130044159493,0.13491717310181497,0.13843851351693268,2018
QA,0.0,1.935773314085259,0.439607111687006,2.3753804257722653,2.3753804257722653,2018
RO,0.06251367495409706,0.4320809932833523,0.5898639273392461,1.0219449206225983,1.0844585955766954,2018
RS,4.3874525125929144e-05,0.42294714586954824,0.5460685739868931,0.9690157198564413,0.9690595943815672,2018
RU,0.31422664838427466,0.17399080514472748,2.999357848074879,3.1733486532196067,3.4875753016038815,2018
RW,0.002024023710449619,0.032029558625739474,0.030520509007985645,0.06255006763372511,0.06457409134417473,2018
SA,0.6836984117402332,0.7466580488844421,1.2102321686928006,1.9568902175772427,2.6405886293174756,2018
SB,0.20093893535617635,0.1244336138293417,0.34375661061948826,0.46819022444882996,0.6691291598050063,2018
SC,1.5551808066759387,4.37385257301808,0.036376600390876535,4.410229173408957,5.965409980084895,2018
SD,0.012379914573161076,0.03845577843897921,0.1241495389688911,0.16260531740787032,0.17498523198103139,2018
SE,0.7050079780616082,1.3838643654836704,1.728361965595958,3.1122263310796283,3.8172343091412366,2018
SG,0.0,4.220653418217121,1.1695058991281848,5.390159317345306,5.390159317345306,2018
SI,0.0,0.3695720664128187,0.11173823620314005,0.48131030261595875,0.48131030261595875,2018
SK,0.0023260077836109137,0.21441930088594424,0.12750454253603694,0.3419238434219812,0.3442498512055921,2018
SL,0.0,0.020697689595016944,0.0097132169262898,0.030410906521306742,0.030410906521306742,2018
SN,0.005515725346787565,0.07146728724965122,0.10847871043821619,0.1799459976878674,0.18546172303465497,2018
SO,0.007091350408513529,0.016344488754463926,0.035640572274960695,0.05198506102942462,0.05907641143793815,2018
SR,0.0,0.38613674766018413,0.042906910278040604,0.42904365793822474,0.42904365793822474,2018
SS,0.0006671950356105719,0.020042424278944822,0.008218760462187431,0.028261184741132254,0.028928379776742827,2018
ST,0.006394306022732139,0.23457207153629864,0.0065193626630939945,0.24109143419939263,0.24748574022212477,2018
SV,0.0,0.19320162294398796,0.05836816274167759,0.25156978568566557,0.25156978568566557,2018
SY,0.0012261308637390887,0.01792582380747217,0.036799579926585335,0.0547254037340575,0.05595153459779659,2018
SZ,0.0,0.02498355332103147,0.002431859969340529,0.027415413290372,0.027415413290372,2018
TD,0.0007134576545830076,0.00973990083266642,0.007170636803437192,0.01691053763610361,0.017623995290686617,2018
TG,0.0,0.025884337852403835,0.017975342978197337,0.04385968083060117,0.04385968083060117,2018
TH,0.4093063167563463,0.5046861988594246,2.458042286563964,2.9627284854233884,3.372034802179735,2018
TJ,0.0004496454569746242,0.10026373828034305,0.014636179056654815,0.11489991733699786,0.11534956279397249,2018
TL,0.0,0.15848236502897037,0.003941928523040899,0.16242429355201127,0.16242429355201127,2018
TM,0.1538636176505411,0.08620418166924199,0.01821755710783371,0.1044217387770757,0.2582853564276168,2018
TN,0.012603359275251382,0.3140416984757317,0.2736292240637206,0.5876709225394523,0.6002742818147037,2018
TO,0.04650127407239005,1.2633209241524341,0.051867242972539654,1.3151881671249739,1.361689441197364,2018
TR,0.4362075734746349,0.3125862832895989,2.8056909306107585,3.1182772139003574,3.5544847873749923,2018
TT,0.423186931407844,0.5889951704093388,1.3394567436564748,1.9284519140658136,2.3516388454736576,2018
TV,0.0,0.8887545344619104,0.014615815714726093,0.9033703501766366,0.9033703501766366,2018
TW,0.24148566494239793,1.047259883584915,2.839064657765138,3.886324541350053,4.127810206292451,2018
TZ,0.026312954796064464,0.02512718903420426,0.10774049120928103,0.13286768024348528,0.15918063503954974,2018
UA,0.009633743191358287,0.17852725349011425,0.5899202477228327,0.7684475012129469,0.7780812444043052,2018
UG,0.0006097075263574064,0.020452857059443854,0.06188292705117797,0.08233578411062183,0.08294549163697923,2018
US,1.7253168747677892,0.3323908136830105,20.92597222939989,21.2583630430829,22.983679917850687,2018
UY,0.00022536230304365782,0.3607207940765949,0.046415191324432066,0.40713598540102697,0.4073613477040706,2018
UZ,0.014484505686597274,0.055525616793246566,0.04859400410685244,0.104119620900099,0.11860412658669628,2018
VC,0.0,1.1955663991765624,0.29635694363237447,1.491923342808937,1.491923342808937,2018
VE,0.04323411968333437,0.036197187615826194,0.12061708279618558,0.15681427041201176,0.20004839009534614,2018
VN,0.30394661139718576,0.16523926648455362,0.8292383661583904,0.9944776326429441,1.29842424404013,2018
VU,0.6832878191397993,0.5543979331064053,0.056284743065767584,0.6106826761721729,1.2939704953119722,2018
WS,0.0,1.119726180497346,0.12871528822853107,1.248441468725877,1.248441468725877,2018
YE,2.1710313883610774e-06,0.0005683114732965193,0.004695469171928096,0.005263780645224615,0.005265951676612976,2018
ZA,0.22454373220030144,0.10299428278719253,0.8252761946791645,0.928270477466357,1.1528142096666585,2018
ZM,0.006758034533931464,0.03195609063508756,0.039748120219182614,0.07170421085427017,0.07846224538820164,2018
ZW,0.015776630900813677,0.05114386610167103,0.038701075070982305,0.08984494117265333,0.10562157207346701,2018
AE,0.0008566997460398163,3.15939189886635,2.4757206949475554,5.635112593813906,5.6359692935599455,2019
AF,0.016266986255670517,0.02105677969488739,0.03873106070938753,0.05978784040427492,0.07605482665994544,2019
AG,0.0,4.1296571953942465,0.7167787022498998,4.846435897644146,4.846435897644146,2019
AL,0.0,0.5901473478428151,0.06528334536105193,0.655430693203867,0.655430693203867,2019
AM,0.0,0.5388199335255299,0.06517690087028957,0.6039968343958195,0.6039968343958195,2019
AO,0.02092045647170687,0.023290201717143317,0.09435252945415822,0.11764273117130153,0.1385631876430084,2019
AR,0.245924897138237,0.15343903002717207,0.2984531982161817,0.4518922282433538,0.6978171253815908,2019
AT,0.01803594600352488,1.5096698794127965,1.2367893404202346,2.746459219833031,2.764495165836556,2019
AU,2.1226798291579145,0.8406186640873492,6.9095253692989305,7.750144033386279,9.872823862544195,2019
AZ,0.0014736201810498517,0.18506133490266286,0.11214190246771981,0.2972032373703827,0.29867685755143253,2019
BA,2.9890603380687022e-06,0.2772858614755855,0.07545977923171839,0.35274564070730385,0.35274862976764193,2019
BB,0.0,3.0474170273143986,1.1289301983240452,4.176347225638444,4.176347225638444,2019
BD,0.013155617061366063,0.02714797200258039,0.43946189101345884,0.46660986301603924,0.4797654800774053,2019
BE,0.0,1.288859920328045,1.404673301331016,2.6935332216590613,2.6935332216590613,2019
BF,0.0010440344487001973,0.014592343308485776,0.01772499640382705,0.03231733971231283,0.03336137416101302,2019
BG,0.02638761637389543,0.6240684318144055,0.346403809993831,0.9704722418082365,0.996859858182132,2019
BH,0.0,1.8874898194080783,0.21441561844433904,2.1019054378524173,2.1019054378524173,2019
BI,0.0,0.009150381515447639,0.007060447752347809,0.01621082926779545,0.01621082926779545,2019
BJ,0.0,0.028180474912890205,0.04267680632151782,0.07085728123440801,0.07085728123440801,2019
BN,0.0,1.62358588596729,0.03247167998640761,1.6560575659536976,1.6560575659536976,2019
BO,0.3133897722172842,0.08229733812248169,0.03327430255043562,0.11557164067291731,0.4289614128902015,2019
BR,0.384211907461968,0.05589269619608955,0.6612178759526942,0.7171105721487838,1.1013224796107517,2019
BS,1.68738075631849,5.015721796414772,0.07742346468523453,5.093145261100006,6.780526017418496,2019
BT,0.037378534146418,0.25480633452925117,0.002961483922887913,0.2577678184521391,0.2951463525985571,2019
BW,0.04535730503588423,0.14263128713686432,0.021355742960216348,0.16398703009708065,0.20934433513296488,2019
BY,0.0,0.13411909591729887,0.09602539813059575,0.2301444940478946,0.2301444940478946,2019
BZ,3.2918857835984334,1.1116712325926765,0.026835534953943974,1.1385067675466205,4.430392551145054,2019
CA,0.8854171069558254,0.829001849644555,3.384051296543768,4.213053146188323,5.098470253144148,2019
CD,0.00808701115195833,0.005314078465978655,0.029613696239048918,0.03492777470502757,0.0430147858569859,2019
CF,0.0,0.018456113542107588,0.004907565343537262,0.023363678885644848,0.023363678885644848,2019
CG,0.04260378185544757,0.05414907540262802,0.030726515348785205,0.08487559075141322,0.1274793726068608,2019
CH,0.017757688582392774,2.8773116810865234,2.2512355895401375,5.128547270626661,5.146304959209053,2019
CI,0.003598480743931944,0.03519418590615851,0.08065773155346728,0.1158519174596258,0.11945039820355774,2019
CK,4.469030938061875,12.131316262632522,0.04945450649154015,12.180770769124063,16.649801707185937,2019
CL,0.6752753344351294,0.24467703080111924,0.17967417549200815,0.4243512062931274,1.0996265407282568,2019
CM,0.0061177926295656,0.027782692725013373,0.09425674870752133,0.1220394414325347,0.1281572340621003,2019
CN,0.3654991777542947,0.053554233084985525,6.908381316750018,6.961935549835003,7.3274347275892975,2019
CO,0.47342356138000763,0.12165946992249832,0.2859102284509264,0.4075696983734247,0.8809932597534323,2019
CR,0.06401050973746858,0.6360871389727965,0.14367316189333026,0.7797603008661267,0.8437708106035953,2019
CU,0.03698595874655422,0.3760496216764918,0.32516334230231136,0.7012129639788032,0.7381989227253574,2019
CV,0.9443167141278807,1.4206775282822153,0.07011910446796465,1.4907966327501798,2.4351133468780604,2019
CY,2.3315983650832262e-06,4.70457638355104,0.4051736000478448,5.109749983598885,5.10975231519725,2019
CZ,4.547661625552174e-06,0.8025891353521477,0.674145662742755,1.4767347980949026,1.476739345756528,2019
DE,0.21135580473462248,0.9474433726532472,8.110810329616696,9.058253702269942,9.269609507004565,2019
DJ,0.0,0.21430520001212444,0.018933027103408065,0.2332382271155325,0.2332382271155325,2019
DK,0.2572315154667082,2.31335214110368,1.5698334613200615,3.8831856024237412,4.14041711789045,2019
DM,0.0,0.9933853859752504,0.26003375857455735,1.2534191445498077,1.2534191445498077,2019
DO,1.5054097449946043e-05,0.577562198206653,0.274763136831567,0.85232533503822,0.85234038913567,2019
DZ,0.05506273238204184,0.10139251720066539,0.14059215037163345,0.24198466757229883,0.29704739995434065,2019
EC,0.13752578500337456,0.13046322146899367,0.07406801044509209,0.20453123191408576,0.3420570169174603,2019
EE,0.0,1.1405787664057425,0.19614233350159926,1.3367210999073418,1.3367210999073418,2019
EG,0.017577224464204018,0.11332504062781681,0.9148092455171126,1.0281342861449294,1.0457115106091335,2019
ER,0.0006715647272971927,0.0719620491859438,0.016709654660177247,0.08867170384612105,0.08934326857341825,2019
ES,0.7312089804180738,1.6896880768866631,5.198851521223363,6.888539598110025,7.619748578528099,2019
ET,0.017134602049883915,0.014873379329822932,0.2085997636147391,0.22347314294456203,0.24060774499444593,2019
FI,0.31694773350303773,1.2249737809998589,0.7705255800852115,1.9954993610850704,2.312447094588108,2019
FJ,0.3169778117827085,1.1248431522570772,2.20303216880333,3.3278753210604073,3.644853132843116,2019
FM,0.43894742569050255,0.4645363703958942,0.787758054852975,1.2522944252488692,1.6912418509393718,2019
FR,0.3107074561499129,0.8621641020961391,6.194234098591759,7.056398200687899,7.367105656837812,2019
GA,0.06530035198566304,0.1752352377248197,0.07963964730154836,0.25487488502636807,0.3201752370120311,2019
GB,0.24222004102519293,1.6110362185561409,14.803143529114992,16.414179747671135,16.656399788696326,2019
GD,0.0,2.086642754910245,0.28430136638925396,2.370944121299499,2.370944121299499,2019
GE,0.003607849086659492,0.6489603399985567,0.19670968131775488,0.8456700213163116,0.8492778704029711,2019
GH,0.01901132619798909,0.03415921426650835,0.08180439580218482,0.11596361006869317,0.13497493626668225,2019
GM,0.0,0.08083663431622032,0.010761050899736183,0.0915976852159565,0.0915976852159565,2019
GN,0.0,0.02614055204610956,0.018063209188971453,0.04420376123508102,0.04420376123508102,2019
GQ,0.1796995168775525,0.12524660559928677,0.024698696017583482,0.14994530161687025,0.32964481849442273,2019
GR,0.509896463858632,1.6691385124292633,1.4896469946676913,3.1587855070969546,3.6686819709555865,2019
GT,0.009078448810477997,0.09110394922111766,0.10260477078394542,0.19370872000506306,0.20278716881554107,2019
GW,0.0,0.042188935689252804,0.010780426949349418,0.05296936263860222,0.05296936263860222,2019
GY,2.476274197841927e-06,0.46381110980418855,0.2998845751683222,0.7636956849725107,0.7636981612467085,2019
HK,0.0,3.2934632484140334,1.2051551596824666,4.4986184080965,4.4986184080965,2019
HN,0.01976249326956322,0.09898584360606996,0.05268748358562789,0.15167332719169785,0.17143582046126107,2019
HR,0.07117717682462132,1.2124601199999798,0.33467847824221936,1.5471385982421992,1.6183157750668204,2019
HT,0.002235986990915847,0.05775052558886348,0.06447015810562634,0.12222068369448982,0.12445667068540567,2019
HU,3.070515619405904e-07,0.8514637045607187,0.7842009613063637,1.6356646658670826,1.6356649729186445,2019
ID,0.34168496643177443,0.0697961804243667,1.4545113032233477,1.5243074836477144,1.8659924500794889,2019
IE,0.01764835488703638,3.190574585014952,0.9561523431456045,4.1467269281605565,4.164375283047593,2019
IL,0.02606095034186646,1.2450512701510856,0.8713446252320693,2.116395895383155,2.1424568457250213,2019
IN,0.08101944790388418,0.02349077318047757,3.905959681169601,3.9294504543500786,4.010469902253963,2019
IQ,0.016962956794944282,0.0895076175884883,0.28312953651204503,0.37263715410053333,0.38960011089547764,2019
IR,0.0993710078871798,0.04495165904268693,0.29924266753413137,0.3441943265768183,0.4435653344639981,2019
IS,0.6799140560022179,6.699115608538952,0.14672595283002687,6.845841561368978,7.525755617371196,2019
IT,0.48292752905132297,1.0375947095812323,6.353855666079087,7.39145037566032,7.8743779047116425,2019
JM,0.005815594748077673,1.036696796021353,0.35189482714255005,1.388591623163903,1.3944072179119806,2019
JO,0.005401197838209007,0.3679681166188713,0.3866651221379738,0.7546332387568451,0.7600344365950541,2019
JP,0.6934425447743157,0.3823967818511943,3.864985069477723,4.247381851328917,4.940824396103233,2019
KE,0.05391991239233895,0.0508089904721669,0.27974032724475817,0.3305493177169251,0.38446923010926404,2019
KG,0.03855923166413486,0.1683337093193985,0.028163665814738878,0.1964973751341374,0.23505660679827226,2019
KH,0.054162279877854325,0.3289518839043319,0.36198312627975454,0.6909350101840864,0.7450972900619408,2019
KI,0.5344415752098128,0.3079970948999353,0.6572527056759543,0.9652498005758896,1.4996913757857024,2019
KM,0.07542545049569147,0.14597026614016664,0.01792020722841614,0.16389047336858278,0.23931592386427425,2019
KN,0.02934912250809337,3.095863860964389,0.3328867806217472,3.428750641586136,3.4580997640942295,2019
KP,0.0,0.002010397873354996,0.00044099336776408653,0.002451391241119083,0.002451391241119083,2019
KR,0.36408511182790954,0.7697044029994988,2.5942584359608367,3.3639628389603358,3.728047950788245,2019
KW,0.0,1.5116548264213585,0.5775537251244178,2.0892085515457763,2.0892085515457763,2019
KZ,0.21311810710867587,0.13806254231292706,0.13562582213003874,0.2736883644429658,0.4868064715516417,2019
LA,0.1071066574776626,0.19116048389280701,0.02947682230413054,0.22063730619693755,0.3277439636746001,2019
LB,0.0,0.7254944867578297,0.4065429204513823,1.132037407209212,1.132037407209212,2019
LC,0.0,2.453436601167392,0.47664016177479956,2.9300767629421913,2.9300767629421913,2019
LK,0.0020905776885817,0.1629031270626444,0.6307900377827076,0.793693164845352,0.7957837425339337,2019
LR,0.0,0.024255901545704055,0.006376305390361293,0.03063220693606535,0.03063220693606535,2019
LS,0.0,0.015145706649527814,0.0023499122850794683,0.01749561893460728,0.01749561893460728,2019
LT,0.0007720770016221488,1.0418438544030215,0.3487905690719072,1.3906344234749288,1.391406500476551,2019
LU,0.0,3.6819658702631406,0.21261547869059694,3.8945813489537375,3.8945813489537375,2019
LV,0.006587391596661483,1.2685702016911993,0.31121906863396076,1.57978927032516,1.5863766619218214,2019
LY,0.010816091768819364,0.09303755183402984,0.03379925580040417,0.126836807634434,0.13765289940325337,2019
MA,0.034319060521503776,0.2810242927419253,0.48005765211273543,0.7610819448546607,0.7954010053761645,2019
MC,0.0,1.327612899839933,0.0011074009673604447,1.3287203008072934,1.3287203008072934,2019
MD,0.0,0.38496711069530504,0.06025841600546802,0.44522552670077303,0.44522552670077303,2019
ME,5.068125414850588e-05,1.5970398877818939,0.06809961926319728,1.6651395070450912,1.6651901882992397,2019
MG,0.011040394189078963,0.015321149299524724,0.10293730475467758,0.1182584540542023,0.12929884824328125,2019
MH,0.36839593701002116,1.2919081055286656,0.6230453224323009,1.9149534279609666,2.283349364970988,2019
MK,0.0,0.6107456573714416,0.12534492044083076,0.7360905778122724,0.7360905778122724,2019
ML,0.0,0.021082184436838004,0.028731795869035,0.049813980305873,0.049813980305873,2019
MM,0.06771475530736068,0.05474086188764199,0.13066037294839586,0.18540123483603785,0.25311599014339853,2019
MN,0.020744008410594428,0.17919108051263044,0.0187877296535438,0.19797881016617425,0.21872281857676867,2019
MO,0.0,6.377819408799745,0.8215707729725524,7.199390181772297,7.199390181772297,2019
MR,0.009318424570271827,0.052863795037634505,0.011805858240008725,0.06466965327764324,0.07398807784791506,2019
MT,0.0,7.074946182157277,0.2402558249525129,7.31520200710979,7.31520200710979,2019
MU,0.1602268575027016,1.1392748023354349,0.19735369993788882,1.3366285022733237,1.4968553597760255,2019
MV,3.040696613502115,4.423600304266081,0.09603312371060024,4.519633427976681,7.560330041478796,2019
MW,0.006846142007947965,0.016124934247014257,0.015152670723956624,0.03127760497097088,0.03812374697891885,2019
MX,0.3396427813710715,0.18587409131249766,0.5243029581246729,0.7101770494371705,1.049819830808242,2019
MY,0.7219614148025353,0.6455155882987254,1.7437532614685707,2.389268849767296,3.1112302645698313,2019
MZ,0.024861415896866523,0.014471473057162308,0.027278430320493263,0.04174990337765557,0.0666113192745221,2019
NA,0.04905802465502657,0.2222815822258039,0.029186302283444994,0.2514678845092489,0.30052590916427546,2019
NE,0.0004255317850890612,0.010422151498292403,0.01840880328420088,0.028830954782493284,0.029256486567582344,2019
NG,0.013448644912135052,0.010633354101821231,0.14908226483966713,0.15971561894148836,0.1731642638536234,2019
NI,0.0,0.08367993556722696,0.03574212055795423,0.11942205612518118,0.11942205612518118,2019
NL,1.049179909094263e-05,1.390750863278344,2.2820348146133385,3.6727856778916825,3.6727961696907734,2019
NO,2.496220452416259,2.168405285981154,1.3668743519261217,3.5352796379072755,6.031500090323535,2019
NP,0.07669487194791988,0.08696960772665252,0.24765988268061453,0.3346294904072671,0.411324362355187,2019
NR,0.0,2.970484163286442,0.17813100190807174,3.1486151651945136,3.1486151651945136,2019
NU,0.0,8.702175125488012,0.003988086765840287,8.706163212253852,8.706163212253852,2019
NZ,2.1892138576927658,1.3871399819056465,18.810796383589736,20.197936365495384,22.38715022318815,2019
OM,0.1469295556473729,0.8944986769372376,0.3482375483853807,1.2427362253226182,1.389665780969991,2019
PA,0.09601364913689281,0.47611448272604906,0.1534955435571074,0.6296100262831564,0.7256236754200492,2019
PE,0.42079603373915303,0.12927781530469246,0.17140485769983899,0.30068267300453144,0.7214787067436845,2019
PG,0.18185078379562514,0.035050749244719265,0.07916620311347777,0.11421695235819704,0.2960677361538222,2019
PH,0.2389505934604714,0.14010867988216094,1.9263128921977528,2.0664215720799137,2.305372165540385,2019
PK,0.010053145416907583,0.03344175882087876,0.5729740433292227,0.6064158021501015,0.6164689475670091,2019
PL,0.020273147901563246,0.46461319246403826,1.898077909853232,2.3626911023172705,2.382964250218834,2019
PT,0.3500613397403689,2.0729579870394237,1.9338373790431294,4.006795366082553,4.356856705822922,2019
PW,0.0,6.064220698954939,0.04359022452955795,6.107810923484497,6.107810923484497,2019
PY,0.005010546337423243,0.10768208049721122,0.02987883263536238,0.1375609131325736,0.14257145946999683,2019
QA,0.0,1.9585435042662034,0.4735564601411409,2.432099964407344,2.432099964407344,2019
RO,0.05228289127085438,0.45104807609572617,0.5776772781266515,1.0287253542223778,1.0810082454932322,2019
RS,2.095848611974014e-05,0.48244956469511424,0.5825920941849015,1.0650416588800158,1.0650626173661355,2019
RU,0.335925201101537,0.18874235396983796,3.1613115794581503,3.350053933427988,3.685979134529525,2019
RW,0.0013004748004927637,0.034130830034792295,0.028977289521056757,0.06310811955584905,0.06440859435634182,2019
SA,0.7121199288112935,0.7263363724469004,1.2037921698593856,1.930128542306286,2.6422484711175795,2019
SB,0.18146885175658212,0.1209632120986559,0.351376722437172,0.4723399345358279,0.65380878629241,2019
SC,1.7034339141521462,4.392970675733107,0.042715094635419115,4.435685770368526,6.139119684520672,2019
SD,0.00757202676067702,0.03173084322258796,0.10613686572481848,0.13786770894740644,0.14543973570808347,2019
SE,0.6532520034536013,1.3496530103486435,1.6223205120447595,2.971973522393403,3.6252255258470045,2019
SG,0.0,4.2665551589346755,1.1565310779309048,5.42308623686558,5.42308623686558,2019
SI,0.0,0.3499736013516108,0.11048681051246245,0.46046041186407327,0.46046041186407327,2019
SK,5.412222375925261e-05,0.21823419915437234,0.13324348903858074,0.3514776881929531,0.3515318104167124,2019
SL,0.0,0.019073612475751716,0.009355359812173288,0.028428972287925004,0.028428972287925004,2019
SN,0.007832484004999229,0.07245793748664614,0.13228700132782503,0.20474493881447117,0.2125774228194704,2019
SO,0.0051779146752869805,0.01729782930803131,0.04194300497947498,0.05924083428750629,0.06441874896279327,2019
SR,0.0,0.5058685833520424,0.052706567406273795,0.5585751507583162,0.5585751507583162,2019
SS,0.0006975661646927715,0.018895015284863342,0.00720537777300133,0.02610039305786467,0.02679795922255744,2019
ST,0.05351184674214591,0.28894241583564517,0.013645622276617787,0.302588038112263,0.3560998848544089,2019
SV,0.0,0.22355671953763853,0.06458506479214868,0.2881417843297872,0.2881417843297872,2019
SY,0.0009389032882446852,0.01910095809405875,0.0352564262876201,0.05435738438167885,0.05529628766992353,2019
SZ,0.0,0.024511091862351404,0.002044336034978727,0.02655542789733013,0.02655542789733013,2019
TD,0.002834304342231446,0.010142387668417735,0.008340749907842398,0.018483137576260134,0.02131744191849158,2019
TG,4.490097444567384e-06,0.028680379266715097,0.024494017231391826,0.05317439649810692,0.05317888659555149,2019
TH,0.3886249780854973,0.5246676661036112,2.433308370046353,2.9579760361499643,3.3466010142354614,2019
TJ,0.0004044085781628182,0.09975334644425803,0.014548770618980869,0.1143021170632389,0.11470652564140171,2019
TL,0.0,0.11645534592161852,0.006285081764042997,0.12274042768566151,0.12274042768566151,2019
TM,0.17985230331113836,0.07339978106815695,0.01545564439147698,0.08885542545963393,0.2687077287707723,2019
TN,0.010926409680910808,0.3290013769169238,0.27370409519997224,0.6027054721168961,0.6136318817978069,2019
TO,0.07513012207816788,1.2671146020630262,0.05301201148139767,1.3201266135444238,1.3952567356225918,2019
TR,0.37748891511474214,0.3467791858240934,2.9970478297768546,3.343827015600948,3.7213159307156904,2019
TT,0.48064104239090466,0.6334108697321157,1.4913507147448537,2.1247615844769694,2.605402626867874,2019
TV,0.0,1.0534921084963615,0.02414045163250263,1.077632560128864,1.077632560128864,2019
TW,0.24992707231832476,1.1020127955661998,2.9975123952251623,4.099525190791362,4.349452263109687,2019
TZ,0.021534268647829025,0.02410512255949909,0.1149472323875944,0.13905235494709348,0.1605866235949225,2019
UA,0.012426102917117779,0.2058949151440012,0.6990227689570379,0.9049176841010391,0.9173437870181569,2019
UG,0.0006058655797489639,0.02105064282286848,0.06400648267037504,0.08505712549324351,0.08566299107299248,2019
US,1.7768897123905067,0.3326449087089349,21.047554162523507,21.380199071232443,23.15708878362295,2019
UY,1.707285339776275e-05,0.3373254374329964,0.043009710162440144,0.3803351475954366,0.3803522204488343,2019
UZ,0.01429947749260641,0.06992755675229696,0.0596483318284454,0.12957588858074237,0.14387536607334878,2019
VC,0.0,1.3079766144748337,0.2976843252630783,1.605660939737912,1.605660939737912,2019
VE,0.05397016763161145,0.03660212913785831,0.1189264811733631,0.15552861031122142,0.20949877794283286,2019
VN,0.35610110489068575,0.18810162321982832,0.8785292591283342,1.0666308823481625,1.4227319872388482,2019
VU,0.6948267890473826,0.6346010925218762,0.074870284405541,0.7094713769274172,1.4042981659748,2019
WS,0.0,1.0949709219182,0.1394080917782843,1.2343790136964843,1.2343790136964843,2019
YE,0.0,0.00053532458738197,0.008377700236227584,0.008913024823609554,0.008913024823609554,2019
ZA,0.23274650543478761,0.10191279653573879,0.8243580561961862,0.926270852731925,1.1590173581667127,2019
ZM,0.007425094276773175,0.03213488029144037,0.04477474666134155,0.07690962695278192,0.0843347212295551,2019
ZW,0.01484392229956085,0.04912664012811426,0.04037260002286322,0.08949924015097749,0.10434316245053835,2019

